model,test,policy,channel,precision,recall,f1,dice,iou,specificity,support,negative_support,auroc_histogram,average_precision_histogram,threshold,tn,fp,fn,tp,ece,brier,false_positive_rate
v1,CRC02_6638,fixed_05,Hoechst,0.9972108220480351,0.03735145677625258,0.07200586698147854,0.07200586698147854,0.03734755503054574,0.9999099920966168,170496670,197893733,0.9575744043613352,0.9517426277805525,0.5,197875921,17812,164128371,6368299,,,9.000790338317586e-05
v1,CRC02_6638,fixed_05,CD31,,0.0,0.0,0.0,0.0,1.0,2660415,365729988,0.8548752731671706,0.15686844627217147,0.5,365729988,0,2660415,0,,,0.0
v1,CRC02_6638,fixed_05,CD45,0.999958706693645,0.004241330377372865,0.008446833463955155,0.008446833463955155,0.004241329634521849,0.9999999786860692,39966705,328423698,0.8701390172302542,0.5655989453753029,0.5,328423691,7,39797193,169512,,,2.131393088448812e-08
v1,CRC02_6638,fixed_05,CD68,,0.0,0.0,0.0,0.0,1.0,9993814,358396589,0.823109628774602,0.16240822530273222,0.5,358396589,0,9993814,0,,,0.0
v1,CRC02_6638,fixed_05,CD4,,0.0,0.0,0.0,0.0,1.0,15908142,352482261,0.8333998468073782,0.3398576286993974,0.5,352482261,0,15908142,0,,,0.0
v1,CRC02_6638,fixed_05,FOXP3,,0.0,0.0,0.0,0.0,1.0,636970,367753433,0.8426592408051466,0.04834125076495176,0.5,367753433,0,636970,0,,,0.0
v1,CRC02_6638,fixed_05,CD8a,,0.0,0.0,0.0,0.0,1.0,2030171,366360232,0.8633751565351786,0.1148208478357842,0.5,366360232,0,2030171,0,,,0.0
v1,CRC02_6638,fixed_05,CD45RO,,0.0,0.0,0.0,0.0,1.0,3088610,365301793,0.9267312714724718,0.4327159247515942,0.5,365301793,0,3088610,0,,,0.0
v1,CRC02_6638,fixed_05,CD20,,0.0,0.0,0.0,0.0,1.0,1761339,366629064,0.6749444232375792,0.1826820587347644,0.5,366629064,0,1761339,0,,,0.0
v1,CRC02_6638,fixed_05,PDL1,,0.0,0.0,0.0,0.0,1.0,3948450,364441953,0.6726548025492769,0.11453926690438251,0.5,364441953,0,3948450,0,,,0.0
v1,CRC02_6638,fixed_05,CD3e,1.0,5.857439299356541e-06,1.171480997992472e-05,1.171480997992472e-05,5.857439299356541e-06,1.0,7682538,360707865,0.8433166613099539,0.3427640724777324,0.5,360707865,0,7682493,45,,,0.0
v1,CRC02_6638,fixed_05,CD163,0.3669724770642202,4.435371645334377e-06,8.870636076721688e-06,8.870636076721688e-06,4.4353377104941975e-06,0.9999998079983935,9018410,359371993,0.8073675026722157,0.11581971915057457,0.5,359371924,69,9018370,40,,,1.9200160653587717e-07
v1,CRC02_6638,fixed_05,ECadherin,0.997682670439003,0.002220102706740037,0.004430346742895597,0.004430346742895597,0.0022200912584857805,0.999997659766064,114996932,253393471,0.9735432685498381,0.9371999888485578,0.5,253392878,593,114741627,255305,,,2.3402339360196066e-06
v1,CRC02_6638,fixed_05,Ki67,0.9484193011647255,0.002746901746686435,0.0054779377715193115,0.0054779377715193115,0.0027464914403598066,0.9999925803479929,17430547,350959856,0.9167255991595179,0.3409786043538866,0.5,350957252,2604,17382667,47880,,,7.419652007151496e-06
v1,CRC02_6638,fixed_05,Pan-CK,0.9996160807327373,0.0033749787201408313,0.006727244413572099,0.006727244413572099,0.00337497434544171,0.9999992016907103,140408589,227981814,0.9692020566683834,0.9587671947730936,0.5,227981632,182,139934713,473876,,,7.983092897050113e-07
v1,CRC02_6638,fixed_05,SMA,,0.0,0.0,0.0,0.0,1.0,62789688,305600715,0.8565055290041202,0.5347050500990878,0.5,305600715,0,62789688,0,,,0.0
v1,CRC02_6638,own_validation,Hoechst,0.7381987783701337,0.967645714136235,0.8374912100234101,0.8374912100234101,0.7204170989883656,0.7043359073932877,170496670,197893733,0.9575744043613352,0.9517426277805525,0.03125,139383662,58510071,5516298,164980372,,,0.29566409260671234
v1,CRC02_6638,own_validation,CD31,0.22102400985310142,0.29328958076089634,0.25207982200322615,0.25207982200322615,0.1442170101223532,0.9924808271396109,2660415,365729988,0.8548752731671706,0.15686844627217147,0.04296875,362980001,2749987,1880143,780272,,,0.0075191728603890146
v1,CRC02_6638,own_validation,CD45,0.437557953991117,0.6491404032431495,0.522751405309817,0.522751405309817,0.3538682705055823,0.8984582379314174,39966705,328423698,0.8701390172302542,0.5655989453753029,0.04296875,295074977,33348721,14022702,25944003,,,0.10154176206858252
v1,CRC02_6638,own_validation,CD68,0.18160792660932934,0.3291824322525915,0.23407700619411942,0.23407700619411942,0.13255221604518638,0.9586352257387137,9993814,358396589,0.823109628774602,0.16240822530273222,0.01953125,343571595,14824994,6704026,3289788,,,0.041364774261286284
v1,CRC02_6638,own_validation,CD4,0.2236239774574079,0.6026766042193991,0.32620802246701097,0.32620802246701097,0.194891615472916,0.9055677641604779,15908142,352482261,0.8333998468073782,0.3398576286993974,0.0234375,319196573,33285688,6320677,9587465,,,0.09443223583952215
v1,CRC02_6638,own_validation,FOXP3,0.0709224244535819,0.3240497982636545,0.11637475252534792,0.11637475252534792,0.06178232781779167,0.9926473752319805,636970,367753433,0.8426592408051466,0.04834125076495176,0.015625,365049480,2703953,430560,206410,,,0.007352624768019501
v1,CRC02_6638,own_validation,CD8a,0.1393184697890696,0.3971517670186403,0.20627640699811833,0.20627640699811833,0.1149989930460272,0.986403892767488,2030171,366360232,0.8633751565351786,0.1148208478357842,0.03515625,361379159,4981073,1223885,806286,,,0.01359610723251207
v1,CRC02_6638,own_validation,CD45RO,0.4266254707709446,0.5063879868290266,0.46309731443618796,0.46309731443618796,0.3013185667421102,0.9942457824180457,3088610,365301793,0.9267312714724718,0.4327159247515942,0.0546875,363199767,2102026,1524575,1564035,,,0.005754217581954217
v1,CRC02_6638,own_validation,CD20,0.4497976922888771,0.198370103654095,0.27531887699822627,0.27531887699822627,0.1596346555466666,0.9988342713604397,1761339,366629064,0.6749444232375792,0.1826820587347644,0.04296875,366201674,427390,1411942,349397,,,0.0011657286395603378
v1,CRC02_6638,own_validation,PDL1,0.06382109115181954,0.3042368524357659,0.10550908208519703,0.10550908208519703,0.05569257740297168,0.9516490819595624,3948450,364441953,0.6726548025492769,0.11453926690438251,0.01953125,346820850,17621103,2747186,1201264,,,0.04835091804043757
v1,CRC02_6638,own_validation,CD3e,0.32498530584903496,0.46579307515302887,0.382852917145125,0.382852917145125,0.2367458849007383,0.9793940977693958,7682538,360707865,0.8433166613099539,0.3427640724777324,0.046875,353275154,7432711,4104065,3578473,,,0.02060590223060426
v1,CRC02_6638,own_validation,CD163,0.11701559634508786,0.41226103049207125,0.1822901971740094,0.1822901971740094,0.10028564344572667,0.9219330316594816,9018410,359371993,0.8073675026722157,0.11581971915057457,0.01953125,331316911,28055082,5300471,3717939,,,0.0780669683405184
v1,CRC02_6638,own_validation,ECadherin,0.893799540040539,0.912692696879948,0.9031473216406217,0.9031473216406217,0.8233989299196569,0.9507845251466641,114996932,253393471,0.9735432685498381,0.9371999888485578,0.0234375,240922591,12470880,10040072,104956860,,,0.049215474853335904
v1,CRC02_6638,own_validation,Ki67,0.30400285755838596,0.6261107583141252,0.40928217032279524,0.40928217032279524,0.2572940107208382,0.9288074531236415,17430547,350959856,0.9167255991595179,0.3409786043538866,0.03515625,325974130,24985726,6517094,10913453,,,0.07119254687635841
v1,CRC02_6638,own_validation,Pan-CK,0.9286552983762941,0.8985952490413531,0.9133780151795278,0.9133780151795278,0.8405664784432213,0.9574827885175087,140408589,227981814,0.9692020566683834,0.9587671947730936,0.03515625,218288663,9693151,14238098,126170491,,,0.04251721148249132
v1,CRC02_6638,own_validation,SMA,0.43504443626676614,0.7208840884828095,0.5426228441860251,0.5426228441860251,0.37232835853184426,0.8076553682146981,62789688,305600715,0.8565055290041202,0.5347050500990878,0.01953125,246820058,58780657,17525601,45264087,,,0.19234463178530195
v2,CRC02_6638,fixed_05,Hoechst,0.9993335454870768,0.031071891316117786,0.060269835940036515,0.060269835940036515,0.03107124746355874,0.9999821469839068,170496670,197893733,0.9705282577578977,0.9663855180877172,0.5,197890200,3533,165199016,5297654,,,1.7853016093238284e-05
v2,CRC02_6638,fixed_05,CD31,,0.0,0.0,0.0,0.0,1.0,2660415,365729988,0.76472774484087,0.153143265227474,0.5,365729988,0,2660415,0,,,0.0
v2,CRC02_6638,fixed_05,CD45,0.999982214950113,0.002813642005264132,0.005611494991698803,0.005611494991698803,0.002813641864464841,0.9999999939103055,39966705,328423698,0.863658508731222,0.5724716760560993,0.5,328423696,2,39854253,112452,,,6.089694538425178e-09
v2,CRC02_6638,fixed_05,CD68,1.0,0.0001241768157782404,0.00024832279562243527,0.00024832279562243527,0.0001241768157782404,1.0,9993814,358396589,0.8128689897435477,0.1746967196523666,0.5,358396589,0,9992573,1241,,,0.0
v2,CRC02_6638,fixed_05,CD4,1.0,0.000192542912931001,0.0003850116945888134,0.0003850116945888134,0.000192542912931001,1.0,15908142,352482261,0.8349951491330789,0.35613558549367014,0.5,352482261,0,15905079,3063,,,0.0
v2,CRC02_6638,fixed_05,FOXP3,,0.0,0.0,0.0,0.0,1.0,636970,367753433,0.7907180795183381,0.04697159665321232,0.5,367753433,0,636970,0,,,0.0
v2,CRC02_6638,fixed_05,CD8a,,0.0,0.0,0.0,0.0,1.0,2030171,366360232,0.8042637191805753,0.12674283778560452,0.5,366360232,0,2030171,0,,,0.0
v2,CRC02_6638,fixed_05,CD45RO,,0.0,0.0,0.0,0.0,1.0,3088610,365301793,0.9244359803769927,0.45285508213064685,0.5,365301793,0,3088610,0,,,0.0
v2,CRC02_6638,fixed_05,CD20,1.0,2.9522993586129645e-05,5.9044244009422096e-05,5.9044244009422096e-05,2.9522993586129645e-05,1.0,1761339,366629064,0.6601739336705906,0.18586932554002686,0.5,366629064,0,1761287,52,,,0.0
v2,CRC02_6638,fixed_05,PDL1,,0.0,0.0,0.0,0.0,1.0,3948450,364441953,0.7629660381154277,0.15070195669551162,0.5,364441953,0,3948450,0,,,0.0
v2,CRC02_6638,fixed_05,CD3e,1.0,0.0002651467522842061,0.0005301529362391544,0.0005301529362391544,0.0002651467522842061,1.0,7682538,360707865,0.824474446064103,0.3575548806517103,0.5,360707865,0,7680501,2037,,,0.0
v2,CRC02_6638,fixed_05,CD163,,0.0,0.0,0.0,0.0,1.0,9018410,359371993,0.8231728812134734,0.14009387434651666,0.5,359371993,0,9018410,0,,,0.0
v2,CRC02_6638,fixed_05,ECadherin,0.999263109985479,0.0028065183512895804,0.005597316147772608,0.005597316147772608,0.002806512542873881,0.9999990607492804,114996932,253393471,0.9731826317974908,0.9364791668328237,0.5,253393233,238,114674191,322741,,,9.392507196840917e-07
v2,CRC02_6638,fixed_05,Ki67,0.9712926934716818,0.0006444433442048605,0.0012880320915265306,0.0012880320915265306,0.0006444310697125487,0.9999990540228624,17430547,350959856,0.8606545365290894,0.31318489983616493,0.5,350959524,332,17419314,11233,,,9.459771376245379e-07
v2,CRC02_6638,fixed_05,Pan-CK,0.9985966262039095,0.003993459402971424,0.007955105768427066,0.007955105768427066,0.00399343699103515,0.9999965435839545,140408589,227981814,0.9632279194256996,0.948772641508241,0.5,227981026,788,139847873,560716,,,3.456416045535983e-06
v2,CRC02_6638,fixed_05,SMA,0.9707288253934153,0.00028784981381019123,0.0005755289662560081,0.0005755289662560081,0.000287847315361929,0.9999982166272091,62789688,305600715,0.8416767685451926,0.5321108395772045,0.5,305600170,545,62771614,18074,,,1.7833727908653616e-06
v2,CRC02_6638,own_validation,Hoechst,0.8528252803650898,0.9475136845781211,0.8976794253026508,0.8976794253026508,0.8143542322514625,0.8591222188931066,170496670,197893733,0.9705282577578977,0.9663855180877172,0.01953125,170014903,27878830,8948742,161547928,,,0.14087778110689336
v2,CRC02_6638,own_validation,CD31,0.2660289386506976,0.2511401416696267,0.2583702231369884,0.2583702231369884,0.14834968175748556,0.994959716018693,2660415,365729988,0.76472774484087,0.153143265227474,0.02734375,363886605,1843383,1992278,668137,,,0.005040283981306996
v2,CRC02_6638,own_validation,CD45,0.4835596611858759,0.6396309127810261,0.5507519643367661,0.5507519643367661,0.3800260209321036,0.916868925213795,39966705,328423698,0.863658508731222,0.5724716760560993,0.01953125,301121483,27302215,14402765,25563940,,,0.08313107478620499
v2,CRC02_6638,own_validation,CD68,0.17996867206973366,0.42817396841686267,0.25342048190915906,0.25342048190915906,0.14509530157903666,0.9455972082368228,9993814,358396589,0.8128689897435477,0.1746967196523666,0.01171875,338898814,19497775,5714723,4279091,,,0.05440279176317719
v2,CRC02_6638,own_validation,CD4,0.2562951340963711,0.5777664670079007,0.35507865112630727,0.35507865112630727,0.21586360428079798,0.9243350433456281,15908142,352482261,0.8349951491330789,0.35613558549367014,0.015625,325811706,26670555,6716951,9191191,,,0.0756649566543719
v2,CRC02_6638,own_validation,FOXP3,0.0767982662927947,0.36440805689435923,0.12686086088000886,0.12686086088000886,0.06772634142897074,0.9924125575735958,636970,367753433,0.7907180795183381,0.04697159665321232,0.0078125,364963125,2790308,404853,232117,,,0.0075874424264042156
v2,CRC02_6638,own_validation,CD8a,0.1731843588743106,0.357671841436017,0.23337080177373828,0.23337080177373828,0.13209948188790732,0.9905374309294575,2030171,366360232,0.8042637191805753,0.12674283778560452,0.02734375,362893523,3466709,1304036,726135,,,0.009462569070542569
v2,CRC02_6638,own_validation,CD45RO,0.4654958976187314,0.5174194864356458,0.4900862316149468,0.4900862316149468,0.3245789540280334,0.9949766986224455,3088610,365301793,0.9244359803769927,0.45285508213064685,0.0390625,363466772,1835021,1490503,1598107,,,0.005023301377554421
v2,CRC02_6638,own_validation,CD20,0.44850973304228847,0.2156972621397698,0.2913017241974205,0.2913017241974205,0.17048166333555606,0.9987258320578752,1761339,366629064,0.6601739336705906,0.18586932554002686,0.02734375,366161917,467147,1381423,379916,,,0.0012741679421247412
v2,CRC02_6638,own_validation,PDL1,0.18095461343579763,0.37127049855006394,0.24331783574146026,0.24331783574146026,0.13850987998398664,0.9817934764497325,3948450,364441953,0.7629660381154277,0.15070195669551162,0.015625,357806732,6635221,2482507,1465943,,,0.018206523550267553
v2,CRC02_6638,own_validation,CD3e,0.38644133040511,0.43932369745518995,0.41118920854031904,0.41118920854031904,0.25880313172001373,0.9851438504120225,7682538,360707865,0.824474446064103,0.3575548806517103,0.02734375,355349135,5358730,4307417,3375121,,,0.014856149587977518
v2,CRC02_6638,own_validation,CD163,0.13946167940190327,0.45192367612472706,0.21314709349781374,0.21314709349781374,0.11928631210895532,0.9300212523795642,9018410,359371993,0.8231728812134734,0.14009387434651666,0.015625,334223591,25148402,4942777,4075633,,,0.06997874762043574
v2,CRC02_6638,own_validation,ECadherin,0.9088027098258353,0.8744477548322768,0.8912943021103344,0.8912943021103344,0.8039052237278507,0.960176720575409,114996932,253393471,0.9731826317974908,0.9364791668328237,0.03515625,243302512,10090959,14438123,100558809,,,0.03982327942459102
v2,CRC02_6638,own_validation,Ki67,0.33542599169917775,0.542665987475895,0.41459045596002175,0.41459045596002175,0.26150369632792325,0.9466010380400885,17430547,350959856,0.8606545365290894,0.31318489983616493,0.015625,332218964,18740892,7971582,9458965,,,0.05339896195991145
v2,CRC02_6638,own_validation,Pan-CK,0.9433914356538006,0.8476478529386832,0.8929605620668591,0.8929605620668591,0.8066203709364048,0.9686744180393266,140408589,227981814,0.9632279194256996,0.948772641508241,0.02734375,220840151,7141663,21391550,119017039,,,0.03132558196067341
v2,CRC02_6638,own_validation,SMA,0.43720967555276435,0.7125014699866004,0.5418970455880362,0.5418970455880362,0.37164525587740616,0.8115584873549788,62789688,305600715,0.8416767685451926,0.5321108395772045,0.01953125,248012854,57587861,18051943,44737745,,,0.18844151264502113
v3,CRC02_6638,fixed_05,Hoechst,0.9994937916610652,0.039420711266677524,0.07584985302038458,0.07584985302038458,0.039419924240032884,0.9999827988489155,170496670,197893733,0.9732091143906568,0.96819686444165,0.5,197890329,3404,163775570,6721100,,,1.720115108445602e-05
v3,CRC02_6638,fixed_05,CD31,,0.0,0.0,0.0,0.0,1.0,2660415,365729988,0.9486018199842837,0.2431035912105705,0.5,365729988,0,2660415,0,,,0.0
v3,CRC02_6638,fixed_05,CD45,1.0,0.002188721837339355,0.0043678835924769,0.0043678835924769,0.002188721837339355,1.0,39966705,328423698,0.9061897312776355,0.6156113177966763,0.5,328423698,0,39879229,87476,,,0.0
v3,CRC02_6638,fixed_05,CD68,1.0,7.904889964932308e-05,0.00015808530282940673,0.00015808530282940673,7.904889964932308e-05,1.0,9993814,358396589,0.8932539787501461,0.2205803279884266,0.5,358396589,0,9993024,790,,,0.0
v3,CRC02_6638,fixed_05,CD4,0.9877300613496932,0.00019229146936204116,0.0003845080826200901,0.0003845080826200901,0.00019229101003383165,0.9999998921931563,15908142,352482261,0.8520854370312718,0.372146545387626,0.5,352482223,38,15905083,3059,,,1.0780684364709065e-07
v3,CRC02_6638,fixed_05,FOXP3,,0.0,0.0,0.0,0.0,1.0,636970,367753433,0.8884566397156196,0.07035225752379834,0.5,367753433,0,636970,0,,,0.0
v3,CRC02_6638,fixed_05,CD8a,,0.0,0.0,0.0,0.0,1.0,2030171,366360232,0.89471907125108,0.12938385735705837,0.5,366360232,0,2030171,0,,,0.0
v3,CRC02_6638,fixed_05,CD45RO,,0.0,0.0,0.0,0.0,1.0,3088610,365301793,0.9559636617194729,0.4448847837301271,0.5,365301793,0,3088610,0,,,0.0
v3,CRC02_6638,fixed_05,CD20,,0.0,0.0,0.0,0.0,1.0,1761339,366629064,0.7144791606152209,0.22350202079064263,0.5,366629064,0,1761339,0,,,0.0
v3,CRC02_6638,fixed_05,PDL1,,0.0,0.0,0.0,0.0,1.0,3948450,364441953,0.8883928773749948,0.26012360506283494,0.5,364441953,0,3948450,0,,,0.0
v3,CRC02_6638,fixed_05,CD3e,1.0,5.154546583433756e-05,0.00010308561807247075,0.00010308561807247075,5.154546583433756e-05,1.0,7682538,360707865,0.883725574969572,0.37325525901040374,0.5,360707865,0,7682142,396,,,0.0
v3,CRC02_6638,fixed_05,CD163,,0.0,0.0,0.0,0.0,1.0,9018410,359371993,0.8688368653358783,0.14989951303338334,0.5,359371993,0,9018410,0,,,0.0
v3,CRC02_6638,fixed_05,ECadherin,0.9995524551444559,0.003010332484348365,0.0060025870951148546,0.0060025870951148546,0.0030103284268409337,0.9999993883031028,114996932,253393471,0.9808326508739501,0.9426667538482868,0.5,253393316,155,114650753,346179,,,6.116968972732529e-07
v3,CRC02_6638,fixed_05,Ki67,0.9777887462981244,0.00011365105180003818,0.0002272756867273695,0.0002272756867273695,0.00011365075839076493,0.9999998717802072,17430547,350959856,0.9245108889342757,0.3365379855833207,0.5,350959811,45,17428566,1981,,,1.2821979275031386e-07
v3,CRC02_6638,fixed_05,Pan-CK,0.9994699563625218,0.01620957817616129,0.031901767912929785,0.031901767912929785,0.01620943883431039,0.9999947057180623,140408589,227981814,0.9739169610239854,0.9594980383159277,0.5,227980607,1207,138132625,2275964,,,5.294281937768949e-06
v3,CRC02_6638,fixed_05,SMA,0.9687120205760154,0.0005458539625169025,0.0010910931112546808,0.0010910931112546808,0.0005458443391264595,0.9999963776262761,62789688,305600715,0.8834757249225941,0.5646885234163879,0.5,305599608,1107,62755414,34274,,,3.6223737238311107e-06
v3,CRC02_6638,own_validation,Hoechst,0.8611069247317503,0.9431611890132517,0.9002682304369821,0.9002682304369821,0.8186252824129167,0.8689330197232673,170496670,197893733,0.9732091143906568,0.96819686444165,0.0234375,171956399,25937334,9690828,160805842,,,0.13106698027673266
v3,CRC02_6638,own_validation,CD31,0.27228235709672155,0.38710577109210403,0.319696601418091,0.319696601418091,0.19026123596958663,0.9924740407122427,2660415,365729988,0.9486018199842837,0.2431035912105705,0.06640625,362977519,2752469,1630553,1029862,,,0.007525959287757393
v3,CRC02_6638,own_validation,CD45,0.4957817737360733,0.6737000460758524,0.5712071759495587,0.5712071759495587,0.39978306605030456,0.9166206666365471,39966705,328423698,0.9061897312776355,0.6156113177966763,0.04296875,301039949,27383749,13041134,26925571,,,0.08337933336345296
v3,CRC02_6638,own_validation,CD68,0.20460018362130475,0.4382608081359129,0.27896619321551,0.27896619321551,0.16209222161458825,0.9524906053165589,9993814,358396589,0.8932539787501461,0.2205803279884266,0.05078125,341369384,17027205,5613917,4379897,,,0.04750939468344103
v3,CRC02_6638,own_validation,CD4,0.29811370960911043,0.5504449231091852,0.3867621437965078,0.3867621437965078,0.23974278951443231,0.9415101005607769,15908142,352482261,0.8520854370312718,0.372146545387626,0.03515625,331865609,20616652,7151586,8756556,,,0.05848989943922313
v3,CRC02_6638,own_validation,FOXP3,0.10308101240813364,0.28176523227153555,0.15094155551985924,0.15094155551985924,0.08163157631412574,0.9957535678531654,636970,367753433,0.8884566397156196,0.07035225752379834,0.03515625,366191793,1561640,457494,179476,,,0.004246432146834643
v3,CRC02_6638,own_validation,CD8a,0.15286807551472945,0.4072844110175941,0.22229941166499464,0.22229941166499464,0.12504884856521328,0.9874929083460129,2030171,366360232,0.89471907125108,0.12938385735705837,0.06640625,361778131,4582101,1203314,826857,,,0.012507091653987161
v3,CRC02_6638,own_validation,CD45RO,0.4440172113888126,0.5213348399441821,0.4795797378007537,0.4795797378007537,0.3154257738627179,0.9944806293354274,3088610,365301793,0.9559636617194729,0.4448847837301271,0.05859375,363285557,2016236,1478410,1610200,,,0.0055193706645726755
v3,CRC02_6638,own_validation,CD20,0.4059763101067265,0.27015185605950925,0.32442149042067225,0.32442149042067225,0.19361760046810447,0.9981009907059633,1761339,366629064,0.7144791606152209,0.22350202079064263,0.046875,365932832,696232,1285510,475829,,,0.001899009294036765
v3,CRC02_6638,own_validation,PDL1,0.3251503100323455,0.4024579265281313,0.35969719145618867,0.35969719145618867,0.21928706674318993,0.9909501445350887,3948450,364441953,0.8883928773749948,0.26012360506283494,0.0390625,361143806,3298147,2359365,1589085,,,0.009049855464911308
v3,CRC02_6638,own_validation,CD3e,0.39039444878757734,0.44279013003254913,0.414944810878348,0.414944810878348,0.26178571807855283,0.9852737450013739,7682538,360707865,0.883725574969572,0.37325525901040374,0.06640625,355395989,5311876,4280786,3401752,,,0.014726254998626105
v3,CRC02_6638,own_validation,CD163,0.12056050579655085,0.5839112437780052,0.19985651641157587,0.19985651641157587,0.11102254805443613,0.893110883017531,9018410,359371993,0.8688368653358783,0.14989951303338334,0.0390625,320959038,38412955,3752459,5265951,,,0.10688911698246892
v3,CRC02_6638,own_validation,ECadherin,0.9123725661006414,0.8510642701320067,0.8806526846924357,0.8806526846924357,0.7867555249823939,0.9629045138262461,114996932,253393471,0.9808326508739501,0.9426667538482868,0.04296875,243993717,9399754,17127152,97869780,,,0.03709548617375386
v3,CRC02_6638,own_validation,Ki67,0.3906861011766224,0.33494066479956136,0.36067209367616276,0.36067209367616276,0.22001217223524447,0.9740561410533517,17430547,350959856,0.9245108889342757,0.3365379855833207,0.05078125,341854603,9105253,11592348,5838199,,,0.0259438589466483
v3,CRC02_6638,own_validation,Pan-CK,0.9431049709367064,0.8347330874466661,0.885616010371778,0.885616010371778,0.7947135086418776,0.9689861709759008,140408589,227981814,0.9739169610239854,0.9594980383159277,0.0390625,220911225,7070589,23204894,117203695,,,0.031013829024099264
v3,CRC02_6638,own_validation,SMA,0.46496469728605994,0.7401616966148964,0.5711418502673103,0.5711418502673103,0.39971906964603826,0.8250060540597884,62789688,305600715,0.8834757249225941,0.5646885234163879,0.04296875,252122440,53478275,16315166,46474522,,,0.17499394594021156
v4,CRC02_6638,fixed_05,Hoechst,0.8135068899398025,0.973918704687898,0.8865147493536674,0.8865147493536674,0.7961620945037949,0.807642943397303,170496670,197893733,0.9562735305224903,0.9202276508772173,0.5,159827477,38066256,4446774,166049896,0.09726159434519656,0.09790853853194814,0.19235705660269697
v4,CRC02_6638,fixed_05,CD31,0.19911593441176476,0.4974043523284901,0.28438836392801353,0.28438836392801353,0.16576500062633096,0.9854466815009985,2660415,365729988,0.7549866785666703,0.11436346265049264,0.5,360407403,5322585,1337113,1323302,0.017835200712389337,0.017686085514248318,0.01455331849900151
v4,CRC02_6638,fixed_05,CD45,0.3133454387116577,0.7603218979397977,0.4437936976178444,0.4437936976178444,0.28517664845496976,0.797242798234371,39966705,328423698,0.8519295718353403,0.3687380957883829,0.5,261833428,66590270,9579144,30387561,0.17669348247930158,0.17259520824963087,0.20275720176562897
v4,CRC02_6638,fixed_05,CD68,0.16806024542485015,0.3716520039296309,0.2314563994712215,0.2314563994712215,0.13087401373764163,0.9486984179974994,9993814,358396589,0.7910838074889736,0.12162532265550813,0.5,340010277,18386312,6279593,3714221,0.057809495539791686,0.05497117620037672,0.05130158200250059
v4,CRC02_6638,fixed_05,CD4,0.15464709370837496,0.550629545549694,0.24147477511463375,0.24147477511463375,0.13731663993069812,0.8641567724169813,15908142,352482261,0.7864739011497694,0.13471445450552866,0.5,304599933,47882328,7148649,8759493,0.1386419355858538,0.1260573281110961,0.1358432275830187
v4,CRC02_6638,fixed_05,FOXP3,0.11949551614356084,0.2907389672983029,0.16937631702177475,0.16937631702177475,0.09252383141149903,0.9962893888199271,636970,367753433,0.7071541128342447,0.055453040497953174,0.5,366388843,1364590,451778,185192,0.004716011442752118,0.00450442705093361,0.0037106111800729266
v4,CRC02_6638,fixed_05,CD8a,0.14273250564995374,0.39598585537868486,0.2098315462358457,0.2098315462358457,0.11721329676804257,0.9868205455225282,2030171,366360232,0.7705178627738566,0.08377322636394424,0.5,361531804,4828428,1226252,803919,0.015159510683895854,0.014093664044719357,0.01317945447747178
v4,CRC02_6638,fixed_05,CD45RO,0.27633936089499817,0.6099119021177811,0.3803496192728134,0.3803496192728134,0.23483439623682548,0.9864957465456514,3088610,365301793,0.8765089244801804,0.23261406078335406,0.5,360368665,4933128,1204830,1883780,0.014810023799289102,0.014329226692561458,0.013504253454348634
v4,CRC02_6638,fixed_05,CD20,0.2101235160587935,0.29372369543852717,0.24498798138393085,0.24498798138393085,0.13959333542178154,0.9946955596515392,1761339,366629064,0.6752831526803004,0.0767947378212055,0.5,364684302,1944762,1243992,517347,0.008245548627506347,0.008065222985735426,0.005304440348460754
v4,CRC02_6638,fixed_05,PDL1,0.26110752575543067,0.4892844027403158,0.34050430165566925,0.34050430165566925,0.20518540782925104,0.9849989553754807,3948450,364441953,0.7811152999699085,0.2196620954839412,0.5,358974943,5467010,2016535,1931915,0.020563747076290887,0.018025494528353624,0.015001044624519394
v4,CRC02_6638,fixed_05,CD3e,0.32997747959182644,0.5106039176116018,0.40088394619186035,0.40088394619186035,0.25069096469714885,0.977918002980057,7682538,360707865,0.8061202492115936,0.2528559185529487,0.5,352742715,7965150,3759804,3922734,0.02845196011872853,0.02827668494381408,0.022081997019942994
v4,CRC02_6638,fixed_05,CD163,0.07916827511348717,0.49972622668519173,0.1366828092950058,0.1366828092950058,0.07335455819161486,0.8541363822973261,9018410,359371993,0.7743548260446805,0.059995111565123466,0.5,306952694,52419299,4511674,4506736,0.14973110793641928,0.1373497275398377,0.1458636177026739
v4,CRC02_6638,fixed_05,ECadherin,0.8994929802811756,0.9510458157266317,0.9245513112369038,0.9245513112369038,0.8596889102168661,0.9517729286718678,114996932,253393471,0.9788741343299956,0.9369331204221958,0.5,241173046,12220425,5629581,109367351,0.03305984884499391,0.04100019056521038,0.048227071328132205
v4,CRC02_6638,fixed_05,Ki67,0.4138478329444821,0.5885123972299894,0.485962177913224,0.485962177913224,0.3209709630922096,0.9586020459274408,17430547,350959856,0.8835775626017836,0.3951735410380366,0.5,336430836,14529020,7172454,10258093,0.042947929546814284,0.04710066425040518,0.04139795407255923
v4,CRC02_6638,fixed_05,Pan-CK,0.8959893133173955,0.9391269005630418,0.9170510950629052,0.9170510950629052,0.8468091992910541,0.9328582147346192,140408589,227981814,0.9746078451683806,0.9499745586284485,0.5,212674708,15307106,8547106,131861483,0.04058108652127389,0.05229677366248085,0.06714178526538087
v4,CRC02_6638,fixed_05,SMA,0.4471187087010993,0.7422350147686672,0.5580630132269375,0.5580630132269375,0.3870231628330979,0.8114248554686792,62789688,305600715,0.8485410900678586,0.45848519205560245,0.5,247972016,57628699,16184983,46604705,0.1623305314831204,0.17385381839692168,0.18857514453132088
v4,CRC02_6638,own_validation,Hoechst,0.8279925105953456,0.9679428343087287,0.8925147776239868,0.8925147776239868,0.8058931709347542,0.8267574698790486,170496670,197893733,0.9562735305224903,0.9202276508772173,0.64453125,163610122,34283611,5465640,165031030,0.09726159434519656,0.09790853853194814,0.17324253012095134
v4,CRC02_6638,own_validation,CD31,0.200105302594614,0.4952836305613974,0.28504589601057756,0.28504589601057756,0.1662119676249573,0.9855981921832453,2660415,365729988,0.7549866785666703,0.11436346265049264,0.6015625,360462815,5267173,1342755,1317660,0.017835200712389337,0.017686085514248318,0.014401807816754693
v4,CRC02_6638,own_validation,CD45,0.3099980743953688,0.771127542288012,0.44222068098960754,0.44222068098960754,0.2838789009412041,0.7911274447680082,39966705,328423698,0.8519295718353403,0.3687380957883829,0.46484375,259825001,68598697,9147278,30819427,0.17669348247930158,0.17259520824963087,0.2088725552319918
v4,CRC02_6638,own_validation,CD68,0.1536955237966032,0.499574636870368,0.23507084851662688,0.23507084851662688,0.1331899630753203,0.9232933185086759,9993814,358396589,0.7910838074889736,0.12162532265550813,0.22265625,330905176,27491413,5001158,4992656,0.057809495539791686,0.05497117620037672,0.07670668149132413
v4,CRC02_6638,own_validation,CD4,0.14756628969655125,0.6195670745207077,0.23836067799881147,0.23836067799881147,0.13530617477818235,0.8384734260428498,15908142,352482261,0.7864739011497694,0.13471445450552866,0.33984375,295547009,56935252,6051981,9856161,0.1386419355858538,0.1260573281110961,0.16152657395715014
v4,CRC02_6638,own_validation,FOXP3,0.10567214324682922,0.35334945130853884,0.16269035826531467,0.16269035826531467,0.08854814374767636,0.9948203202769286,636970,367753433,0.7071541128342447,0.055453040497953174,0.07421875,365848588,1904845,411897,225073,0.004716011442752118,0.00450442705093361,0.005179679723071409
v4,CRC02_6638,own_validation,CD8a,0.12924349461005774,0.4910660235024537,0.20463038888985816,0.20463038888985816,0.11397674753073703,0.9816662115226524,2030171,366360232,0.7705178627738566,0.08377322636394424,0.15234375,359643461,6716771,1033223,996948,0.015159510683895854,0.014093664044719357,0.018333788477347616
v4,CRC02_6638,own_validation,CD45RO,0.24497933258235163,0.6858114167861918,0.36100406729572126,0.36100406729572126,0.22025928197398195,0.9821291432861924,3088610,365301793,0.8765089244801804,0.23261406078335406,0.19921875,358773537,6528256,970406,2118204,0.014810023799289102,0.014329226692561458,0.01787085671380759
v4,CRC02_6638,own_validation,CD20,0.2064865624615673,0.30026758051686814,0.24469941244158075,0.24469941244158075,0.1394059878837913,0.9944564624041917,1761339,366629064,0.6752831526803004,0.0767947378212055,0.41015625,364596642,2032422,1232466,528873,0.008245548627506347,0.008065222985735426,0.00554353759580828
v4,CRC02_6638,own_validation,PDL1,0.11500272504107206,0.5930400536919551,0.19264717975125148,0.19264717975125148,0.1065907982065932,0.9505557144240196,3948450,364441953,0.7811152999699085,0.2196620954839412,0.00390625,346422381,18019572,1606861,2341589,0.020563747076290884,0.018025494528353624,0.049444285575980323
v4,CRC02_6638,own_validation,CD3e,0.3029433854184155,0.5496118600389611,0.39059352090899646,0.39059352090899646,0.2426941397238593,0.9730653225429393,7682538,360707865,0.8061202492115936,0.2528559185529487,0.25,350992315,9715550,3460124,4222414,0.02845196011872853,0.02827668494381408,0.026934677457060716
v4,CRC02_6638,own_validation,CD163,0.07865916231705695,0.592296424757801,0.13887518492230225,0.13887518492230225,0.07461895290268564,0.8259011658707639,9018410,359371993,0.7743548260446805,0.059995111565123466,0.30078125,296805748,62566245,3676838,5341572,0.14973110793641928,0.1373497275398377,0.1740988341292361
v4,CRC02_6638,own_validation,ECadherin,0.9061197166577268,0.9405593620532415,0.9230183982355564,0.9230183982355564,0.8570419371355594,0.9557752022742527,114996932,253393471,0.9788741343299956,0.9369331204221958,0.62890625,242187196,11206275,6835491,108161441,0.03305984884499391,0.04100019056521038,0.04422479772574724
v4,CRC02_6638,own_validation,Ki67,0.3399990020996199,0.7697596638820342,0.471665643349447,0.471665643349447,0.30861417287191906,0.925787737387264,17430547,350959856,0.8835775626017836,0.3951735410380366,0.09765625,324914331,26045525,4013215,13417332,0.042947929546814284,0.04710066425040518,0.07421226261273597
v4,CRC02_6638,own_validation,Pan-CK,0.9584028439242043,0.8005442957624195,0.8723899797042171,0.8723899797042171,0.7736628479723696,0.9786009554253305,140408589,227981814,0.9746078451683806,0.9499745586284485,0.98046875,223103221,4878593,28005294,112403295,0.04058108652127389,0.05229677366248085,0.02139904457466945
v4,CRC02_6638,own_validation,SMA,0.43606109053205705,0.7921873413354117,0.5624954479985603,0.5624954479985603,0.3912999421221986,0.7895026750837282,62789688,305600715,0.8485410900678586,0.45848519205560245,0.32421875,241272582,64328133,13048492,49741196,0.1623305314831204,0.17385381839692168,0.21049732491627188
v5,CRC02_6638,fixed_05,Hoechst,0.8549878222027059,0.9486498064742261,0.8993869047469274,0.8993869047469274,0.8171690021007104,0.8613773079918604,170496670,197893733,0.9720624455849617,0.964896642876667,0.5,170461171,27432562,8755037,161741633,0.0539370436417528,0.07477545904847083,0.13862269200813954
v5,CRC02_6638,fixed_05,CD31,0.08542004670317935,0.836546929708335,0.15501179463762588,0.15501179463762588,0.08401776997115275,0.9348460126819024,2660415,365729988,0.9600086813840424,0.21776119755747828,0.5,341901221,23828767,434853,2225562,0.08489078581463969,0.04796745771605003,0.06515398731809763
v5,CRC02_6638,fixed_05,CD45,0.3322170954298442,0.7880375927912997,0.46739292933888865,0.46739292933888865,0.30496592263356337,0.8072368060358421,39966705,328423698,0.889393268240002,0.5649928126495398,0.5,265115697,63308001,8471439,31495266,0.1578270774367564,0.13173745917938726,0.19276319396415784
v5,CRC02_6638,fixed_05,CD68,0.12332969727523126,0.6726811205411668,0.20844329524737876,0.20844329524737876,0.11634758458631131,0.8666646629273583,9993814,358396589,0.8789103044509874,0.1985793099550202,0.5,310609659,47786930,3271164,6722650,0.1590593329559754,0.09058674598272828,0.1333353370726416
v5,CRC02_6638,fixed_05,CD4,0.1646484712806511,0.6625617246816127,0.26375345862607263,0.26375345862607263,0.1519101419878764,0.8482879398007493,15908142,352482261,0.832922769703658,0.2899568259869635,0.5,299006451,53475810,5368016,10540126,0.16383876318810772,0.10649645131937224,0.1517120601992507
v5,CRC02_6638,fixed_05,FOXP3,0.03550536978514007,0.7972117996137966,0.06798298577846275,0.06798298577846275,0.0351875709572128,0.9624904602861994,636970,367753433,0.9582387855222126,0.08962862480240272,0.5,353959171,13794262,129170,507800,0.05365792051234417,0.027104762957805447,0.037509539713800576
v5,CRC02_6638,fixed_05,CD8a,0.05587032439007526,0.7418956334220123,0.10391506254928881,0.10391506254928881,0.054805067271407555,0.9305267581553448,2030171,366360232,0.9201862259186232,0.14744886174470576,0.5,340907999,25452233,523996,1506175,0.1276696320342674,0.05480427482064613,0.06947324184465524
v5,CRC02_6638,fixed_05,CD45RO,0.20500913627069106,0.7652322565814396,0.3233826244148748,0.3233826244148748,0.19287801088308357,0.9749104160570052,3088610,365301793,0.9627908164065244,0.4367393597692324,0.5,356136523,9165270,725106,2363504,0.04065543532333373,0.019996307804820406,0.02508958394299477
v5,CRC02_6638,fixed_05,CD20,0.03174265574120431,0.5119616382763341,0.05977889899094461,0.05977889899094461,0.03081035401576411,0.9249758606153493,1761339,366629064,0.8355707305498192,0.06200190614974889,0.5,339123034,27506030,859601,901738,0.12248336203526386,0.06169797883275914,0.07502413938465063
v5,CRC02_6638,fixed_05,PDL1,0.09214649725551115,0.6999670756879282,0.16285420783575288,0.16285420783575288,0.08864522811981225,0.9252841343433367,3948450,364441953,0.899779214159233,0.2739492106872364,0.5,337212357,27229596,1184665,2763785,0.11668312421872226,0.05677416433553431,0.0747158656566633
v5,CRC02_6638,fixed_05,CD3e,0.18685967489957833,0.6905573392542933,0.29412996974308947,0.29412996974308947,0.17242226226273075,0.935997231443789,7682538,360707865,0.9027612681676758,0.4029984372875766,0.5,337621563,23086302,2377305,5305233,0.10982387009154221,0.053507301241802495,0.064002768556211
v5,CRC02_6638,fixed_05,CD163,0.07434088767355188,0.7961625164524567,0.13598436933146532,0.13598436933146532,0.0729523760928411,0.7512226641434465,9018410,359371993,0.8350421891061544,0.0757945767517767,0.5,269968386,89403607,1838290,7180120,0.25232272372941095,0.17305149080765703,0.2487773358565535
v5,CRC02_6638,fixed_05,ECadherin,0.8844754466742026,0.9725707899755099,0.9264335662829598,0.9264335662829598,0.8629494525786746,0.9423498326837316,114996932,253393471,0.9877586357061073,0.9649051143182232,0.5,238785295,14608176,3154275,111842657,0.026256269711065216,0.03810996197743779,0.05765016731626838
v5,CRC02_6638,fixed_05,Ki67,0.27031742227621003,0.8836722106311409,0.4139933103439036,0.4139933103439036,0.2610287289731875,0.88153100336353,17430547,350959856,0.9468995349569567,0.45401811280471216,0.5,309381994,41577862,2027657,15402890,0.10807362905131893,0.0826750006867667,0.11846899663647001
v5,CRC02_6638,fixed_05,Pan-CK,0.9036724274962763,0.9482954493617196,0.9254463443094438,0.9254463443094438,0.8612379097204883,0.9377446439653296,140408589,227981814,0.984783233135402,0.9759814869541124,0.5,213788725,14193089,7259763,133148826,0.025020045478462847,0.04436637316986751,0.06225535603467038
v5,CRC02_6638,fixed_05,SMA,0.40361912541285877,0.8919330830247157,0.5557495075113786,0.5557495075113786,0.3848013280256903,0.7292189908652537,62789688,305600715,0.8701982679801222,0.4874480203468766,0.5,222849845,82750870,6785488,56004200,0.19593390361385749,0.18837881049551222,0.2707810091347463
v5,CRC02_6638,own_validation,Hoechst,0.8320463633147257,0.9614420211256912,0.8920764072471944,0.8920764072471944,0.8051786360381532,0.8327951598143838,170496670,197893733,0.9720624455849617,0.964896642876667,0.359375,164804943,33088790,6574007,163922663,0.0539370436417528,0.07477545904847083,0.16720484018561618
v5,CRC02_6638,own_validation,CD31,0.21766580881481978,0.49041145836269906,0.3015089219346748,0.3015089219346748,0.17751575255732874,0.9871781255192014,2660415,365729988,0.9600086813840424,0.21776119755747828,0.91015625,361040644,4689344,1355717,1304698,0.08489078581463969,0.04796745771605003,0.01282187448079866
v5,CRC02_6638,own_validation,CD45,0.3576937549298623,0.7451070084461554,0.4833513586983029,0.4833513586983029,0.31869699120519834,0.8371779219171936,39966705,328423698,0.889393268240002,0.5649928126495398,0.578125,274949069,53474629,10187233,29779472,0.1578270774367564,0.13173745917938726,0.16282207808280633
v5,CRC02_6638,own_validation,CD68,0.17453140841876558,0.4472951968087459,0.25108948385833857,0.25108948385833857,0.1435690857484674,0.94100861545867,9993814,358396589,0.8789103044509874,0.1985793099550202,0.68359375,337254278,21142311,5523629,4470185,0.1590593329559754,0.09058674598272828,0.058991384541329996
v5,CRC02_6638,own_validation,CD4,0.19888271623452275,0.5785643603131025,0.29601102111420735,0.29601102111420735,0.17371651153974224,0.894820057341836,15908142,352482261,0.832922769703658,0.2899568259869635,0.61328125,315408197,37074064,6704258,9203884,0.16383876318810772,0.10649645131937224,0.10517994265816401
v5,CRC02_6638,own_validation,FOXP3,0.1196279875358951,0.3027442422720065,0.1714917879783491,0.1714917879783491,0.09378781394082057,0.9961410285461564,636970,367753433,0.9582387855222126,0.08962862480240272,0.9296875,366334283,1419150,444131,192839,0.05365792051234417,0.027104762957805447,0.0038589714538436407
v5,CRC02_6638,own_validation,CD8a,0.14332276200780228,0.48409567469932335,0.22116637036703649,0.22116637036703649,0.12433224034148205,0.9839654212250853,2030171,366360232,0.9201862259186232,0.14744886174470576,0.8359375,360485800,5874432,1047374,982797,0.1276696320342674,0.05480427482064613,0.01603457877491463
v5,CRC02_6638,own_validation,CD45RO,0.3118399179098193,0.647430721262963,0.4209338527134312,0.4209338527134312,0.26657138678880193,0.9879201277284725,3088610,365301793,0.9627908164065244,0.4367393597692324,0.7265625,360888994,4412799,1088949,1999661,0.04065543532333373,0.019996307804820406,0.01207987227152756
v5,CRC02_6638,own_validation,CD20,0.08056432342929526,0.29270685540943564,0.12635173089195859,0.12635173089195859,0.06743620613067836,0.9839517551178103,1761339,366629064,0.8355707305498192,0.06200190614974889,0.93359375,360745311,5883753,1245783,515556,0.12248336203526386,0.06169797883275914,0.0160482448821897
v5,CRC02_6638,own_validation,PDL1,0.06929215868096184,0.7599812584685129,0.12700453401092268,0.12700453401092268,0.06780824423611462,0.8894062863284019,3948450,364441953,0.899779214159233,0.2739492106872364,0.37109375,324136964,40304989,947702,3000748,0.11668312421872229,0.05677416433553431,0.11059371367159807
v5,CRC02_6638,own_validation,CD3e,0.354414627076198,0.5153136893042377,0.41998105749182774,0.41998105749182774,0.26580760913229085,0.9800076968102706,7682538,360707865,0.9027612681676758,0.4029984372875766,0.79296875,353496484,7211381,3723621,3958917,0.10982387009154221,0.053507301241802495,0.01999230318972945
v5,CRC02_6638,own_validation,CD163,0.08636887744931382,0.5839999512109119,0.15048259423800134,0.15048259423800134,0.0813631673695997,0.8449712774361913,9018410,359371993,0.8350421891061544,0.0757945767517767,0.71484375,303659012,55712981,3751659,5266751,0.25232272372941095,0.17305149080765703,0.1550287225638087
v5,CRC02_6638,own_validation,ECadherin,0.9117631033603388,0.9435302847905542,0.9273747279749728,0.9273747279749728,0.8645840743843062,0.9585604634619809,114996932,253393471,0.9877586357061073,0.9649051143182232,0.75,242892963,10500508,6493844,108503088,0.026256269711065216,0.03810996197743779,0.04143953653801916
v5,CRC02_6638,own_validation,Ki67,0.3567488258563042,0.7072235311949763,0.4742626304145548,0.4742626304145548,0.3108415903475024,0.9366672551860177,17430547,350959856,0.9468995349569567,0.45401811280471216,0.77734375,328732605,22227251,5103254,12327293,0.10807362905131893,0.0826750006867667,0.06333274481398238
v5,CRC02_6638,own_validation,Pan-CK,0.9603424138265986,0.8587564326282062,0.9067129331718587,0.9067129331718587,0.8293457049688021,0.9781594465249759,140408589,227981814,0.984783233135402,0.9759814869541124,0.890625,223002565,4979249,19831810,120576779,0.025020045478462843,0.04436637316986751,0.02184055347502411
v5,CRC02_6638,own_validation,SMA,0.43250457471537296,0.7983858591557264,0.5610662443560367,0.5610662443560367,0.38991805019192405,0.7847622444207959,62789688,305600715,0.8701982679801222,0.4874480203468766,0.68359375,239823903,65776812,12659289,50130399,0.19593390361385749,0.18837881049551222,0.21523775557920405
v6,CRC02_6638,fixed_05,Hoechst,0.8751117070176594,0.9575919342002398,0.9144958228024604,0.9144958228024604,0.8424618182155931,0.8822603947746036,170496670,197893733,0.9814358214300825,0.9776944078465835,0.5,174593803,23299930,7230434,163266236,0.04563175901222466,0.06180916576475804,0.1177396052253964
v6,CRC02_6638,fixed_05,CD31,0.24338639855609662,0.47103666157347635,0.3209412546886789,0.3209412546886789,0.19114355324665658,0.9893482401557949,2660415,365729988,0.893462407146098,0.2267835720236748,0.5,361834320,3895668,1407262,1253153,0.011505855179444788,0.011245787847914234,0.010651759844205064
v6,CRC02_6638,fixed_05,CD45,0.5324867977570176,0.6971725089671515,0.6038016461211849,0.6038016461211849,0.4324612218913937,0.9255115140929934,39966705,328423698,0.9251815027232895,0.6578240005907721,0.5,303959914,24463784,12103017,27863688,0.05461778517717436,0.07174498801566914,0.07448848590700663
v6,CRC02_6638,fixed_05,CD68,0.27131990080835694,0.32888925089060095,0.2973436798688773,0.2973436798688773,0.17463517232061174,0.9753695507408973,9993814,358396589,0.8911960398753793,0.22958965847698254,0.5,349569120,8827469,6706956,3286858,0.02680339454109617,0.03177419663930532,0.02463044925910274
v6,CRC02_6638,fixed_05,CD4,0.3380431805616211,0.5063306575965942,0.4054166961950289,0.4054166961950289,0.25424616903214126,0.9552519722403846,15908142,352482261,0.8592726276688966,0.3485813683062974,0.5,336709375,15772886,7853362,8054780,0.04493699043230407,0.047491201953437936,0.0447480277596154
v6,CRC02_6638,fixed_05,FOXP3,0.10403780493839379,0.3234767728464449,0.15743937233614982,0.15743937233614982,0.08544596577848534,0.9951749274356876,636970,367753433,0.8510961713878986,0.07459419184509529,0.5,365978996,1774437,430925,206045,0.005305864561223821,0.004657132329550593,0.004825072564312405
v6,CRC02_6638,fixed_05,CD8a,0.14263441896693727,0.39759704970665033,0.20995083573016302,0.20995083573016302,0.11728774824785451,0.9867563054714956,2030171,366360232,0.8791930517067624,0.10790385234076783,0.5,361508269,4851963,1222981,807190,0.013158624741697588,0.012109260191844717,0.013243694528504393
v6,CRC02_6638,fixed_05,CD45RO,0.2876166280479536,0.6001751596996707,0.38887576581195576,0.38887576581195576,0.2413691989481723,0.9874313373545364,3088610,365301793,0.9406978486503824,0.30952992799091145,0.5,360710438,4591355,1234903,1853707,0.01220411383448931,0.011819412634826993,0.012568662645463665
v6,CRC02_6638,fixed_05,CD20,0.28288483730517,0.29672425353665594,0.289639322476126,0.289639322476126,0.16934400228111132,0.9963863312265936,1761339,366629064,0.7671597197370128,0.15789397640156685,0.5,365304188,1324876,1238707,522632,0.005556214570508655,0.0057530859005613414,0.003613668773406355
v6,CRC02_6638,fixed_05,PDL1,0.318199970886311,0.40136939811824895,0.3549782308620579,0.3549782308620579,0.21578938195333475,0.9906824997175888,3948450,364441953,0.8760278050417069,0.2770343859117841,0.5,361046265,3395688,2363663,1584787,0.012526039480056303,0.012696377663494402,0.00931750028241123
v6,CRC02_6638,fixed_05,CD3e,0.3688481028327571,0.4840380874133001,0.4186643711271355,0.4186643711271355,0.26475364462985557,0.9823593339169358,7682538,360707865,0.8865148162323838,0.33660274604259705,0.5,354344738,6363127,3963897,3718641,0.019821268938608173,0.02239941314644373,0.0176406660830642
v6,CRC02_6638,fixed_05,CD163,0.22689399623742543,0.38761111992025205,0.2862356510053969,0.2862356510053969,0.1670215926555596,0.9668565268523861,9018410,359371993,0.8861001277361542,0.2161009243374763,0.5,347461157,11910836,5522774,3495636,0.039373897994393635,0.0349417025092049,0.03314347314761393
v6,CRC02_6638,fixed_05,ECadherin,0.9074272346526381,0.9470713183896071,0.926825535728021,0.926825535728021,0.8636298817981676,0.9561524890276277,114996932,253393471,0.9871063995206268,0.9641939253942925,0.5,242282798,11110673,6086636,108910296,0.013702648058247793,0.036231186752802486,0.04384751097237229
v6,CRC02_6638,fixed_05,Ki67,0.42595919274941035,0.5020249794799899,0.46087457393933534,0.46087457393933534,0.2994392569544686,0.9663988863729189,17430547,350959856,0.9368343905227295,0.4299017137080323,0.5,339167214,11792642,8679977,8750570,0.02821049809601352,0.03990555023162127,0.03360111362708104
v6,CRC02_6638,fixed_05,Pan-CK,0.9345367369733416,0.9278650254080967,0.9311889311012945,0.9311889311012945,0.8712381057774639,0.9599705571252275,140408589,227981814,0.9852371346251687,0.9792014571126464,0.5,218855829,9125985,10128370,130280219,0.01844726657097132,0.04036357178537896,0.04002944287477246
v6,CRC02_6638,fixed_05,SMA,0.5326721559025772,0.6425423868963961,0.5824714144052885,0.5824714144052885,0.4109062916434364,0.884176308291687,62789688,305600715,0.896155431154097,0.6072977432910103,0.5,270204912,35395803,22444652,40345036,0.06318518931094277,0.10476717366311139,0.11582369170831291
v6,CRC02_6638,own_validation,Hoechst,0.8912167856036235,0.94712136606539,0.9183190357823627,0.9183190357823627,0.8489740192909546,0.9003980080561722,170496670,197893733,0.9814358214300825,0.9776944078465835,0.60546875,178183123,19710610,9015631,161481039,0.04563175901222466,0.06180916576475804,0.09960199194382775
v6,CRC02_6638,own_validation,CD31,0.233446775429343,0.4928013110736483,0.3168142653606067,0.3168142653606067,0.18822299811641477,0.9882289526665776,2660415,365729988,0.893462407146098,0.2267835720236748,0.421875,361424963,4305025,1349359,1311056,0.011505855179444788,0.011245787847914234,0.011771047333422383
v6,CRC02_6638,own_validation,CD45,0.5470473321646439,0.6781737949125404,0.6055938100510838,0.6055938100510838,0.4343022961431845,0.9316666393543866,39966705,328423698,0.9251815027232895,0.6578240005907721,0.5390625,305981403,22442295,12862333,27104372,0.05461778517717436,0.07174498801566914,0.06833336064561334
v6,CRC02_6638,own_validation,CD68,0.21777744393429924,0.4847665766042874,0.30053981778032646,0.30053981778032646,0.1768442832169153,0.9514468398023732,9993814,358396589,0.8911960398753793,0.22958965847698254,0.25390625,340995302,17401287,5149147,4844667,0.02680339454109617,0.03177419663930532,0.04855316019762677
v6,CRC02_6638,own_validation,CD4,0.3000573216187914,0.5644581246508863,0.3918259500845922,0.3918259500845922,0.24364648223567764,0.9405745924899183,15908142,352482261,0.8592726276688966,0.3485813683062974,0.37890625,331535859,20946402,6928662,8979480,0.04493699043230407,0.047491201953437936,0.05942540751008176
v6,CRC02_6638,own_validation,FOXP3,0.09041189889906744,0.42321773395921314,0.14899420332148353,0.14899420332148353,0.08049364490853667,0.9926252843437087,636970,367753433,0.8510961713878986,0.07459419184509529,0.2109375,365041356,2712077,367393,269577,0.005305864561223821,0.004657132329550593,0.0073747156562913715
v6,CRC02_6638,own_validation,CD8a,0.11498894752544993,0.5347825380226592,0.18927910063748546,0.18927910063748546,0.10453245483835934,0.9771916374373297,2030171,366360232,0.8791930517067624,0.10790385234076783,0.1875,358004155,8356077,944471,1085700,0.013158624741697588,0.012109260191844717,0.022808362562670284
v6,CRC02_6638,own_validation,CD45RO,0.24316679721355772,0.6794697291014404,0.358157244194669,0.358157244194669,0.21814345066132187,0.9821195977540685,3088610,365301793,0.9406978486503824,0.30952992799091145,0.28515625,358770050,6531743,989993,2098617,0.01220411383448931,0.011819412634826993,0.01788040224593149
v6,CRC02_6638,own_validation,CD20,0.25338346437189063,0.32117099547560124,0.2832783493177575,0.2832783493177575,0.16501122893462658,0.9954535573862742,1761339,366629064,0.7671597197370128,0.15789397640156685,0.40234375,364962206,1666858,1195648,565691,0.005556214570508655,0.0057530859005613414,0.00454644261372579
v6,CRC02_6638,own_validation,PDL1,0.10429614769085012,0.6615418708607175,0.1801850182300001,0.1801850182300001,0.09901282275121585,0.9384466365210155,3948450,364441953,0.8760278050417069,0.2770343859117841,0.05078125,342009325,22432628,1336385,2612065,0.012526039480056301,0.012696377663494402,0.06155336347898454
v6,CRC02_6638,own_validation,CD3e,0.33413027538864865,0.5225261495615121,0.4076122028989996,0.4076122028989996,0.2559754625356162,0.9778215814617738,7682538,360707865,0.8865148162323838,0.33660274604259705,0.36328125,352707935,7999930,3668211,4014327,0.019821268938608173,0.02239941314644373,0.02217841853822622
v6,CRC02_6638,own_validation,CD163,0.16700264000782467,0.5458365720786702,0.2557551464744575,0.2557551464744575,0.14662800693234912,0.9316767264053323,9018410,359371993,0.8861001277361542,0.2161009243374763,0.2578125,334818522,24553471,4095832,4922578,0.03937389799439364,0.0349417025092049,0.06832327359466768
v6,CRC02_6638,own_validation,ECadherin,0.9174996706783088,0.9289230777043687,0.923176037151596,0.923176037151596,0.8573137940853582,0.9620929183293756,114996932,253393471,0.9871063995206268,0.9641939253942925,0.6171875,243788064,9605407,8173628,106823304,0.013702648058247793,0.036231186752802486,0.03790708167062442
v6,CRC02_6638,own_validation,Ki67,0.3555790806691366,0.6835056868840662,0.4677969139065816,0.4677969139065816,0.3053099932720408,0.9384781859495634,17430547,350959856,0.9368343905227295,0.4299017137080323,0.234375,329368169,21591687,5516669,11913878,0.02821049809601352,0.03990555023162127,0.061521814050436587
v6,CRC02_6638,own_validation,Pan-CK,0.9701534630125599,0.8637923923585615,0.9138886824998228,0.9138886824998228,0.8414318751444864,0.9836334796423718,140408589,227981814,0.9852371346251687,0.9792014571126464,0.8359375,224250545,3731269,19124718,121283871,0.01844726657097132,0.04036357178537896,0.016366520357628176
v6,CRC02_6638,own_validation,SMA,0.48918473836191095,0.7511410472369284,0.5925003590699074,0.5925003590699074,0.42095950992809916,0.8388440223381022,62789688,305600715,0.896155431154097,0.6072977432910103,0.35546875,256351333,49249382,15625776,47163912,0.06318518931094277,0.10476717366311139,0.16115597766189782
v7,CRC02_6638,fixed_05,Hoechst,0.8771746351123845,0.9503269184084358,0.9122866859252707,0.9122866859252707,0.8387197932768834,0.8853540046162048,170496670,197893733,0.9795656325759661,0.9763351346753515,0.5,175206009,22687724,8469095,162027575,0.04260708386765476,0.06302941818109699,0.1146459953837952
v7,CRC02_6638,fixed_05,CD31,0.19224584979532874,0.5596559183435666,0.28618506345916506,0.28618506345916506,0.16698714508627235,0.9828946430282879,2660415,365729988,0.9530477296342579,0.23097273750361438,0.5,359474046,6255942,1171498,1488917,0.022100416829845974,0.014806001544311097,0.017105356971712147
v7,CRC02_6638,fixed_05,CD45,0.5176011353753016,0.7026394094784646,0.596090594824595,0.596090594824595,0.42459334813710387,0.9203093407711401,39966705,328423698,0.922671043233341,0.6495418625378927,0.5,302251397,26172301,11884523,28082182,0.05768954987718478,0.07330997183879095,0.07969065922885991
v7,CRC02_6638,fixed_05,CD68,0.23136748381215794,0.41133665285345516,0.2961547030463074,0.2961547030463074,0.17381548875112243,0.9618950642412504,9993814,358396589,0.8979120925376517,0.22727055305358349,0.5,344739910,13656679,5882992,4110822,0.04967173729317048,0.03822659591269111,0.038104935758749646
v7,CRC02_6638,fixed_05,CD4,0.31288911462451646,0.5316130570119376,0.39392660982499633,0.39392660982499633,0.2452731065932626,0.9473116974814231,15908142,352482261,0.8617518853690745,0.345563755036723,0.5,333910569,18571692,7451166,8456976,0.0618707394225774,0.05193780351879262,0.05268830251857696
v7,CRC02_6638,fixed_05,FOXP3,0.09069882547396854,0.43900811655179994,0.1503379222953448,0.1503379222953448,0.08127858818509551,0.992376737377731,636970,367753433,0.9381901684902149,0.08682556114603196,0.5,364949952,2803481,357335,279635,0.011353767009314219,0.006045608239922111,0.007623262622268981
v7,CRC02_6638,fixed_05,CD8a,0.14155062337919233,0.4645648075950252,0.21698651693923823,0.21698651693923823,0.12169650930892244,0.9843874621195239,2030171,366360232,0.9149975647636114,0.1297190571362892,0.5,360640419,5719813,1087025,943146,0.02863707725297081,0.013944151733708918,0.015612537880476066
v7,CRC02_6638,fixed_05,CD45RO,0.26337851108791666,0.6634019834164884,0.3770597842338923,0.3770597842338923,0.23233128403063297,0.9843125598893515,3088610,365301793,0.9589504497830708,0.3788384295536959,0.5,359571143,5730650,1039620,2048990,0.02223697343639208,0.013637616128326797,0.015687440110648456
v7,CRC02_6638,fixed_05,CD20,0.29041099338081694,0.32756045258749167,0.3078690999359923,0.3078690999359923,0.1819416570694068,0.9961549556802185,1761339,366629064,0.8350160880849095,0.24190851600786256,0.5,365219359,1409705,1184394,576945,0.013519217860551847,0.006134390469722171,0.003845044319781478
v7,CRC02_6638,fixed_05,PDL1,0.27909429975980976,0.4311871747141283,0.33885688115793877,0.33885688115793877,0.20399017839844344,0.9879332141544088,3948450,364441953,0.8891165760517766,0.27323485572599615,0.5,360044310,4397643,2245929,1702521,0.02865374877597012,0.01533478669434989,0.012066785845591163
v7,CRC02_6638,fixed_05,CD3e,0.35302816889535465,0.49060154339620576,0.4105975927565254,0.4105975927565254,0.2583345733498864,0.9808506504287063,7682538,360707865,0.8985228510496879,0.36088378641817775,0.5,353800544,6907321,3913473,3769065,0.028839645877962023,0.023374450111527074,0.019149349571293658
v7,CRC02_6638,fixed_05,CD163,0.1846774551455073,0.48217945291908443,0.26706681212013267,0.26706681212013267,0.15411258436735914,0.9465792455340281,9018410,359371993,0.885236497513077,0.2073688902162415,0.5,340174070,19197923,4669918,4348492,0.07806299976652648,0.046875890322307025,0.05342075446597198
v7,CRC02_6638,fixed_05,ECadherin,0.8952844681783023,0.9598554768400256,0.9264462257075309,0.9264462257075309,0.8629714206147799,0.9490497014423864,114996932,253393471,0.987155540196307,0.9639648831701702,0.5,240482998,12910473,4616497,110380435,0.01468541877205494,0.03695503673852345,0.050950298557613585
v7,CRC02_6638,fixed_05,Ki67,0.2906351893813073,0.8498743613725949,0.43314568616206145,0.43314568616206145,0.2764428590052452,0.8969780549488259,17430547,350959856,0.9453292147148077,0.43959859125482875,0.5,314803289,36156567,2616772,14813775,0.08803357340886017,0.07323141139923003,0.10302194505117417
v7,CRC02_6638,fixed_05,Pan-CK,0.9262701162522745,0.9338391471194116,0.9300392319914822,0.9300392319914822,0.869227414499069,0.9542204581282961,140408589,227981814,0.9878115432459335,0.9807479152490672,0.5,217544911,10436903,9289552,131119037,0.00305835043647918,0.0398789501387471,0.045779541871703855
v7,CRC02_6638,fixed_05,SMA,0.4850676663970713,0.7241710135587869,0.5809803299249167,0.5809803299249167,0.40942373257882736,0.8420487988714294,62789688,305600715,0.8912190914543695,0.5909718252467484,0.5,257330715,48270000,17319216,45470472,0.08429866265817683,0.11774575269365427,0.15795120112857067
v7,CRC02_6638,own_validation,Hoechst,0.8759980972507347,0.9510858305912954,0.9119990222935654,0.9119990222935654,0.8382336422308271,0.8840078073619441,170496670,197893733,0.9795656325759661,0.9763351346753515,0.4921875,174939605,22954128,8339703,162156967,0.04260708386765476,0.06302941818109699,0.1159921926380559
v7,CRC02_6638,own_validation,CD31,0.22122002091693055,0.4904806205046957,0.30491509157743685,0.30491509157743685,0.17988189857768788,0.987439670930129,2660415,365729988,0.9530477296342579,0.23097273750361438,0.62890625,361136299,4593689,1355533,1304882,0.022100416829845974,0.014806001544311097,0.012560329069871076
v7,CRC02_6638,own_validation,CD45,0.5359888082267064,0.6789073555100427,0.5990417209927446,0.5990417209927446,0.4275942617058064,0.928476772099436,39966705,328423698,0.922671043233341,0.6495418625378927,0.54296875,304933775,23489923,12833015,27133690,0.05768954987718478,0.07330997183879095,0.07152322790056398
v7,CRC02_6638,own_validation,CD68,0.21006768069583684,0.47896198588446814,0.29204673875822434,0.29204673875822434,0.17099223110232556,0.9497774126416142,9993814,358396589,0.8979120925376517,0.22727055305358349,0.42578125,340396985,17999604,5207157,4786657,0.04967173729317048,0.03822659591269111,0.05022258735838583
v7,CRC02_6638,own_validation,CD4,0.31288911462451646,0.5316130570119376,0.39392660982499633,0.39392660982499633,0.2452731065932626,0.9473116974814231,15908142,352482261,0.8617518853690745,0.345563755036723,0.5,333910569,18571692,7451166,8456976,0.0618707394225774,0.05193780351879262,0.05268830251857696
v7,CRC02_6638,own_validation,FOXP3,0.10149003688437329,0.3749140461874186,0.15973851496271405,0.15973851496271405,0.08680207473856767,0.9942509850071203,636970,367753433,0.9381901684902149,0.08682556114603196,0.58984375,365639213,2114220,398161,238809,0.011353767009314219,0.006045608239922111,0.0057490149928797534
v7,CRC02_6638,own_validation,CD8a,0.13197402964067945,0.49365102742576855,0.2082688811446397,0.2082688811446397,0.11623891495376347,0.9820076213948898,2030171,366360232,0.9149975647636114,0.1297190571362892,0.44921875,359768540,6591692,1027975,1002196,0.02863707725297081,0.013944151733708918,0.017992378605110174
v7,CRC02_6638,own_validation,CD45RO,0.2973326090052925,0.6177464943777298,0.40144327675751285,0.40144327675751285,0.2511285779983031,0.9876567701379992,3088610,365301793,0.9589504497830708,0.3788384295536959,0.59375,360792789,4509004,1180632,1907978,0.02223697343639208,0.013637616128326797,0.012343229862000704
v7,CRC02_6638,own_validation,CD20,0.3769974967659306,0.2827666905689365,0.32315283720960414,0.32315283720960414,0.192714544521669,0.9977551070528331,1761339,366629064,0.8350160880849095,0.24190851600786256,0.6484375,365806021,823043,1263291,498048,0.013519217860551847,0.006134390469722171,0.0022448929471668945
v7,CRC02_6638,own_validation,PDL1,0.08963993827299219,0.6788517013005103,0.15836795475059492,0.15836795475059492,0.08599326622226959,0.9253061515670233,3948450,364441953,0.8891165760517766,0.27323485572599615,0.12109375,337220381,27221572,1268038,2680412,0.02865374877597012,0.01533478669434989,0.07469384843297665
v7,CRC02_6638,own_validation,CD3e,0.3893146229297286,0.4587957781660175,0.4212090905799184,0.4212090905799184,0.266792193992703,0.9846720059735875,7682538,360707865,0.8985228510496879,0.36088378641817775,0.578125,355178937,5528928,4157822,3524716,0.028839645877962023,0.023374450111527074,0.015327994026412483
v7,CRC02_6638,own_validation,CD163,0.16435671922660738,0.543901641198393,0.25243299429799365,0.25243299429799365,0.14444824917977328,0.9306031786400227,9018410,359371993,0.885236497513077,0.2073688902162415,0.42578125,334432719,24939274,4113282,4905128,0.07806299976652648,0.046875890322307025,0.06939682135997727
v7,CRC02_6638,own_validation,ECadherin,0.9125629049175664,0.9352200022171027,0.9237525454585793,0.9237525454585793,0.8583086924485985,0.9593334312863965,114996932,253393471,0.987155540196307,0.9639648831701702,0.66796875,243088828,10304643,7449501,107547431,0.01468541877205494,0.03695503673852345,0.04066656871360352
v7,CRC02_6638,own_validation,Ki67,0.3130863989422248,0.8051374979798397,0.4508535376317924,0.4508535376317924,0.29103351334680433,0.9122672907638758,17430547,350959856,0.9453292147148077,0.43959859125482875,0.60546875,320169197,30790659,3396560,14033987,0.08803357340886017,0.07323141139923003,0.08773270923612414
v7,CRC02_6638,own_validation,Pan-CK,0.9758822736928229,0.8049054321028751,0.8821859457270692,0.8821859457270692,0.7892063463997837,0.9877488385981524,140408589,227981814,0.9878115432459335,0.9807479152490672,0.85546875,225188772,2793042,27392953,113015636,0.0030583504364791797,0.0398789501387471,0.012251161401847606
v7,CRC02_6638,own_validation,SMA,0.47450664232928685,0.7558803604821225,0.5830202221503782,0.5830202221503782,0.41145274707812496,0.8280065313328865,62789688,305600715,0.8912190914543695,0.5909718252467484,0.45703125,253039388,52561327,15328196,47461492,0.08429866265817683,0.11774575269365427,0.17199346866711357
v9,CRC02_6638,fixed_05,Hoechst,0.8765807115963274,0.9580100127468765,0.9154882203939064,0.9154882203939064,0.8441477885343225,0.8837895892337329,170496670,197893733,0.9813124819447239,0.977538850535974,0.5,174896421,22997312,7159153,163337517,0.0447195955438472,0.06113351460399658,0.11621041076626716
v9,CRC02_6638,fixed_05,CD31,0.2507940360151262,0.42727694739354577,0.31606870889641325,0.31606870889641325,0.18769691528760263,0.9907149916292891,2660415,365729988,0.8915438965672013,0.22031617192178046,0.5,362334182,3395806,1523681,1136734,0.010284941687432068,0.010320338047943137,0.009285008370710909
v9,CRC02_6638,fixed_05,CD45,0.5232476896509898,0.703089183859415,0.599981618460105,0.599981618460105,0.42855267214433207,0.9220421663968963,39966705,328423698,0.9237651786333897,0.6557366476006523,0.5,302820498,25603200,11866547,28100158,0.056722081298189383,0.07271435920748968,0.07795783360310375
v9,CRC02_6638,fixed_05,CD68,0.2779640224779827,0.2975580694217443,0.28742749952216073,0.28742749952216073,0.16783377021525406,0.9784469181987667,9993814,358396589,0.8910925226178908,0.22544602499344513,0.5,350672038,7724551,7020074,2973740,0.024139783644622964,0.030397814705112627,0.021553081801233324
v9,CRC02_6638,fixed_05,CD4,0.33404907075666423,0.5068314074641778,0.4026887651189722,0.4026887651189722,0.25210413370000845,0.9543986527026959,15908142,352482261,0.855942337610866,0.3467190457021342,0.5,336408595,16073666,7845396,8062746,0.04605834040351301,0.047848882503775655,0.04560134729730413
v9,CRC02_6638,fixed_05,FOXP3,0.1094358620603442,0.30235803884013374,0.16070569553841912,0.16070569553841912,0.08737356232148107,0.9957382369289807,636970,367753433,0.8598057573343976,0.07881722016486031,0.5,366186155,1567278,444377,192593,0.004773168222779224,0.004198637313976381,0.0042617630710193805
v9,CRC02_6638,fixed_05,CD8a,0.1494253164562303,0.3488686420996064,0.20923314983979518,0.20923314983979518,0.11683997267487774,0.9889953940197308,2030171,366360232,0.8835831172543938,0.10686258985792224,0.5,362328582,4031650,1321908,708263,0.011518239425229195,0.010581918062870076,0.011004605980269169
v9,CRC02_6638,fixed_05,CD45RO,0.2973932037155701,0.5845270202453531,0.3942178861220533,0.3942178861220533,0.24549898938033457,0.9883239171508802,3088610,365301793,0.9466478797876885,0.3087018198136092,0.5,361036499,4265294,1283234,1805376,0.011902638238916496,0.011256546321003725,0.011676082849119768
v9,CRC02_6638,fixed_05,CD20,0.2703816530400913,0.30063661793669477,0.2847076174394794,0.2847076174394794,0.16598197504642279,0.9961025866732705,1761339,366629064,0.7819134412401162,0.1707584851483109,0.5,365200159,1428905,1231816,529523,0.00550866142962975,0.0059691035965631686,0.0038974133267296015
v9,CRC02_6638,fixed_05,PDL1,0.29901484860997807,0.45115652977750764,0.3596578204324489,0.3596578204324489,0.21925780176381657,0.9885411353834996,3948450,364441953,0.8816570434493696,0.2755257920160656,0.5,360265862,4176091,2167081,1781369,0.016168428671230247,0.013705296041789298,0.011458864616500395
v9,CRC02_6638,fixed_05,CD3e,0.3531648182195599,0.4844356122937498,0.4085136748317007,0.4085136748317007,0.2566868897151853,0.981102629963447,7682538,360707865,0.8932584701217274,0.3261883352371039,0.5,353891435,6816430,3960843,3721695,0.020730055744296778,0.022973814162222852,0.018897370036552986
v9,CRC02_6638,fixed_05,CD163,0.21329845718184912,0.38078874213968983,0.2734334330157922,0.2734334330157922,0.15836831214298222,0.964755436576272,9018410,359371993,0.875886385630245,0.20972500552752354,0.5,346706084,12665909,5584301,3434109,0.04555145941184174,0.036889082608369435,0.0352445634237279
v9,CRC02_6638,fixed_05,ECadherin,0.9018025864783027,0.9540203646476412,0.9271768428882096,0.9271768428882096,0.8642401468889954,0.952854846840154,114996932,253393471,0.9873942023430017,0.9653765591372223,0.5,241447197,11946274,5287517,109709415,0.014952374162208425,0.03645756553715288,0.047145153159846014
v9,CRC02_6638,fixed_05,Ki67,0.3864803123932876,0.6065198642360449,0.47212073495970974,0.47212073495970974,0.309003954541696,0.9521810836393778,17430547,350959856,0.9392275233644266,0.43366216416699077,0.5,334177336,16782520,6858574,10571973,0.03708266823746141,0.044365850107236,0.04781891636062217
v9,CRC02_6638,fixed_05,Pan-CK,0.9209490288738226,0.9429375720028067,0.931813599406957,0.931813599406957,0.8723323933815542,0.9501519669459249,140408589,227981814,0.9868054417225388,0.9797687718789143,0.5,216617369,11364445,8012055,132396534,0.019922166027167575,0.040476153555813146,0.04984803305407509
v9,CRC02_6638,fixed_05,SMA,0.5184625644609727,0.6683709592568767,0.5839493317681873,0.5839493317681873,0.4123788398739646,0.8724547813966993,62789688,305600715,0.8954081974250998,0.6069217853029962,0.5,266622805,38977910,20822884,41966804,0.06842125069942435,0.10723394877575089,0.1275452186033007
v9,CRC02_6638,own_validation,Hoechst,0.8923448668879483,0.9476898463764718,0.919185017238691,0.919185017238691,0.8504554728602305,0.9014964005959704,170496670,197893733,0.9813124819447239,0.977538850535974,0.6015625,178400488,19493245,8918707,161577963,0.0447195955438472,0.06113351460399658,0.09850359940402964
v9,CRC02_6638,own_validation,CD31,0.22368918933090448,0.48907670419840515,0.3069764490022505,0.3069764490022505,0.18131847535218285,0.9876531426238966,2660415,365729988,0.8915438965672013,0.22031617192178046,0.31640625,361214372,4515616,1359268,1301147,0.010284941687432068,0.010320338047943137,0.012346857376103379
v9,CRC02_6638,own_validation,CD45,0.5486245280287425,0.6700119261770516,0.603272576499568,0.603272576499568,0.4319186165813701,0.9329175174198301,39966705,328423698,0.9237651786333897,0.6557366476006523,0.5625,306392221,22031477,13188536,26778169,0.056722081298189383,0.07271435920748968,0.06708248258016997
v9,CRC02_6638,own_validation,CD68,0.21557988152190907,0.480679948616214,0.2976616541330089,0.2976616541330089,0.17485457861868905,0.9512287489990593,9993814,358396589,0.8910925226178908,0.22544602499344513,0.24609375,340917139,17479450,5189988,4803826,0.024139783644622964,0.030397814705112627,0.04877125100094075
v9,CRC02_6638,own_validation,CD4,0.3055661059478641,0.5513416337369883,0.3932075957906606,0.3932075957906606,0.2447158666922799,0.9434505074285142,15908142,352482261,0.855942337610866,0.3467190457021342,0.41796875,332549568,19932693,7137321,8770821,0.04605834040351301,0.047848882503775655,0.05654949257148575
v9,CRC02_6638,own_validation,FOXP3,0.0853845168291613,0.4540731902601378,0.14373997978314088,0.14373997978314088,0.07743526134143014,0.9915754341850019,636970,367753433,0.8598057573343976,0.07881722016486031,0.13671875,364655270,3098163,347739,289231,0.004773168222779224,0.004198637313976381,0.008424565814998116
v9,CRC02_6638,own_validation,CD8a,0.11220989259982785,0.5238194221077929,0.18482708182543167,0.18482708182543167,0.10182340204331791,0.9770340166178298,2030171,366360232,0.8835831172543938,0.10686258985792224,0.16015625,357946409,8413823,966728,1063443,0.011518239425229199,0.010581918062870076,0.02296598338217015
v9,CRC02_6638,own_validation,CD45RO,0.2521041040214345,0.6681164018765723,0.3660750565708139,0.3660750565708139,0.22404643373796412,0.9832419054127117,3088610,365301793,0.9466478797876885,0.3087018198136092,0.30859375,359180031,6121762,1025059,2063551,0.011902638238916496,0.011256546321003725,0.01675809458728827
v9,CRC02_6638,own_validation,CD20,0.24172060291573164,0.32210324077307095,0.27618196864959593,0.27618196864959593,0.16021526844874723,0.9951456985417828,1761339,366629064,0.7819134412401162,0.1707584851483109,0.40625,364849336,1779728,1194006,567333,0.005508661429629749,0.0059691035965631686,0.0048543014582171804
v9,CRC02_6638,own_validation,PDL1,0.089917355134854,0.6986827742531879,0.15932969016345577,0.15932969016345577,0.08656068895771162,0.9233846795898385,3948450,364441953,0.8816570434493696,0.2755257920160656,0.05078125,336520116,27921837,1189736,2758714,0.016168428671230247,0.013705296041789298,0.07661532041016145
v9,CRC02_6638,own_validation,CD3e,0.3123106946670016,0.5314355750664689,0.3934192530941685,0.3934192530941685,0.24487985048486854,0.9750767230983444,7682538,360707865,0.8932584701217274,0.3261883352371039,0.359375,351717843,8990022,3599764,4082774,0.020730055744296778,0.022973814162222852,0.02492327690165558
v9,CRC02_6638,own_validation,CD163,0.15815803451459745,0.5307177207512189,0.24369349902201426,0.24369349902201426,0.138753400324098,0.9291094005759096,9018410,359371993,0.875886385630245,0.20972500552752354,0.28125,333895897,25476096,4232180,4786230,0.04555145941184174,0.036889082608369435,0.07089059942409034
v9,CRC02_6638,own_validation,ECadherin,0.9145842132609129,0.9340034219347695,0.9241918192780594,0.9241918192780594,0.8590674767483769,0.9604128947742304,114996932,253393471,0.9873942023430017,0.9653765591372223,0.64453125,243362357,10031114,7589404,107407528,0.014952374162208425,0.03645756553715288,0.03958710522576961
v9,CRC02_6638,own_validation,Ki67,0.3539339794915675,0.692600237961551,0.46846964835054644,0.46846964835054644,0.30588335898534824,0.9372099468834977,17430547,350959856,0.9392275233644266,0.43366216416699077,0.36328125,328923068,22036788,5358146,12072401,0.03708266823746141,0.044365850107236,0.0627900531165023
v9,CRC02_6638,own_validation,Pan-CK,0.9678974644335319,0.8596881633786663,0.9105893380588963,0.9105893380588963,0.8358549901066831,0.9824391957860288,140408589,227981814,0.9868054417225388,0.9797687718789143,0.88671875,223978270,4003544,19700987,120707602,0.019922166027167575,0.040476153555813146,0.017560804213971208
v9,CRC02_6638,own_validation,SMA,0.47860054974422456,0.7714424062753744,0.5907201155951521,0.5907201155951521,0.41916451240955505,0.8273228614664727,62789688,305600715,0.8954081974250998,0.6069217853029962,0.3515625,252830458,52770257,14351060,48438628,0.06842125069942435,0.10723394877575089,0.1726771385335273
v10,CRC02_6638,fixed_05,Hoechst,0.8642083536867986,0.9599657107672542,0.9095737108248338,0.9095737108248338,0.8341450677173833,0.8700446466387088,170496670,197893733,0.9798517465992966,0.9760679509430582,0.5,172176383,25717350,6825713,163670957,0.05288614602022015,0.06633242862267838,0.12995535336129113
v10,CRC02_6638,fixed_05,CD31,0.17327112074276022,0.6184989935780696,0.2707048721773711,0.2707048721773711,0.1565405857114847,0.9785333271604734,2660415,365729988,0.9566922893944971,0.2383215060455396,0.5,357878982,7851006,1014951,1645464,0.030670175336190316,0.017742303938735576,0.021466672839526628
v10,CRC02_6638,fixed_05,CD45,0.47655318728394747,0.7563706340064812,0.5847090147491936,0.5847090147491936,0.41313695970837844,0.8988980113122044,39966705,328423698,0.9236627348646482,0.6536629695459183,0.5,295219409,33204289,9737063,30229642,0.07944739987493497,0.08165448433990534,0.1011019886877956
v10,CRC02_6638,fixed_05,CD68,0.20298234584239713,0.4848501282893598,0.28616275073778935,0.28616275073778935,0.16697195189390326,0.9469134400718306,9993814,358396589,0.8990282491719538,0.22593429636074241,0.5,339370547,19026042,5148312,4845502,0.06858951989142163,0.04590011919052414,0.05308655992816941
v10,CRC02_6638,fixed_05,CD4,0.28689165003561845,0.5750251034973161,0.3827977587813384,0.3827977587813384,0.2367037028670432,0.9354930346409688,15908142,352482261,0.8662281803060292,0.3524258493833873,0.5,329744700,22737561,6760561,9147581,0.0782510330189834,0.05814010634783028,0.06450696535903122
v10,CRC02_6638,fixed_05,FOXP3,0.08148207073088369,0.48564296591676215,0.1395501589303711,0.1395501589303711,0.07500882627942254,0.9905178913720705,636970,367753433,0.9441558909975778,0.08549061188204823,0.5,364266355,3487078,327630,309340,0.0143591797264991,0.007176451664079836,0.009482108627929519
v10,CRC02_6638,fixed_05,CD8a,0.12593270466734235,0.5201694832602771,0.20277396095033498,0.20277396095033498,0.11282607559901456,0.9799932979625365,2030171,366360232,0.9216384346141792,0.13434299376106443,0.5,359030572,7329660,974138,1056033,0.039704672518694514,0.017277617708695663,0.0200067020374635
v10,CRC02_6638,fixed_05,CD45RO,0.2457123487487076,0.7012688555693338,0.3639151797745484,0.3639151797745484,0.22243050927176325,0.9817985563514603,3088610,365301793,0.9619019239233391,0.41124439900448184,0.5,358652773,6649020,922664,2165946,0.027033439838858583,0.015104336912370578,0.01820144364853966
v10,CRC02_6638,fixed_05,CD20,0.2295336094959471,0.3675374246524945,0.28258678408558646,0.28258678408558646,0.1645421040591719,0.9940731349110937,1761339,366629064,0.8583390350389081,0.24789971088797988,0.5,364456103,2172961,1113981,647358,0.023308653133381995,0.008016599419019088,0.005926865088906318
v10,CRC02_6638,fixed_05,PDL1,0.22783913200753392,0.4997745950942775,0.3129908238516888,0.3129908238516888,0.18553000675805015,0.9816493300374779,3948450,364441953,0.8921527081849584,0.28356571124021746,0.5,357754199,6687754,1975115,1973335,0.042341839341060075,0.019747103662765293,0.018350669962522125
v10,CRC02_6638,fixed_05,CD3e,0.31723959836737853,0.5376038491446447,0.39901862657958803,0.39901862657958803,0.24923377198768146,0.9753570663062753,7682538,360707865,0.9034628370217033,0.3817918904168027,0.5,351818965,8888900,3552376,4130162,0.040841730460040915,0.02640003767979304,0.024642933693724698
v10,CRC02_6638,fixed_05,CD163,0.1482555648400405,0.5860526412083726,0.23664604217324103,0.23664604217324103,0.13420223496415595,0.9155070105866597,9018410,359371993,0.8858827004969765,0.20218799488153508,0.5,329007579,30364414,3733147,5285263,0.1133567957611788,0.06416962479453253,0.08449298941334028
v10,CRC02_6638,fixed_05,ECadherin,0.8885817503475248,0.9668514634807822,0.9260657396265829,0.9260657396265829,0.8623113851536696,0.9449814000929803,114996932,253393471,0.9872330976360983,0.9639520057759151,0.5,239452117,13941354,3811980,111184952,0.020844921202187304,0.03759442703356472,0.055018599907019704
v10,CRC02_6638,fixed_05,Ki67,0.27242261702703585,0.88403605463443,0.4164980927572075,0.4164980927572075,0.2630234234971132,0.8827373835029155,17430547,350959856,0.9464632760364798,0.44279570981828464,0.5,309805385,41154471,2021315,15409232,0.1033170686295048,0.08369916600379745,0.1172626164970845
v10,CRC02_6638,fixed_05,Pan-CK,0.9222755506054814,0.9398360808255113,0.9309730139606489,0.9309730139606489,0.8708601617343826,0.9512199161640147,140408589,227981814,0.9881989024262577,0.98149574129072,0.5,216860842,11120972,8447531,131961058,0.007695448647270796,0.03949132889183697,0.04878008383598527
v10,CRC02_6638,fixed_05,SMA,0.4678383117080908,0.768328805838309,0.5815615805629061,0.5815615805629061,0.4100012891597355,0.8204320202588531,62789688,305600715,0.8905625153656204,0.5891391917519537,0.5,250724612,54876103,14546562,48243126,0.10122907451680646,0.1249365829012854,0.17956797974114688
v10,CRC02_6638,own_validation,Hoechst,0.8751951412918543,0.9537174069147509,0.9127706423314066,0.9127706423314066,0.839538259239717,0.8828262944537005,170496670,197893733,0.9798517465992966,0.9760679509430582,0.5703125,174705791,23187942,7891028,162605642,0.05288614602022015,0.06633242862267838,0.11717370554629944
v10,CRC02_6638,own_validation,CD31,0.23852686166709955,0.4635863201793705,0.3149856545162096,0.3149856545162096,0.18693351505311545,0.9892344376201385,2660415,365729988,0.9566922893944971,0.2383215060455396,0.73828125,361792699,3937289,1427083,1233332,0.030670175336190316,0.017742303938735576,0.010765562379861506
v10,CRC02_6638,own_validation,CD45,0.5366393368080811,0.681239872038488,0.600355290545095,0.600355290545095,0.42893406197270223,0.928418536350565,39966705,328423698,0.9236627348646482,0.6536629695459183,0.63671875,304914649,23509049,12739792,27226913,0.07944739987493497,0.08165448433990534,0.07158146364943495
v10,CRC02_6638,own_validation,CD68,0.2107097781212026,0.45802213249115903,0.2886350729799559,0.2886350729799559,0.16865781717435846,0.9521583783823344,9993814,358396589,0.8990282491719538,0.22593429636074241,0.52734375,341250315,17146274,5416426,4577388,0.06858951989142163,0.04590011919052414,0.047841621617665565
v10,CRC02_6638,own_validation,CD4,0.31587930080332843,0.530850302945498,0.3960759651800267,0.3960759651800267,0.24694184798127475,0.9481121320882585,15908142,352482261,0.8662281803060292,0.3524258493833873,0.5703125,334192708,18289553,7463300,8444842,0.0782510330189834,0.05814010634783028,0.05188786791174152
v10,CRC02_6638,own_validation,FOXP3,0.1074891303011552,0.32943780711807463,0.16209109735646648,0.16209109735646648,0.08819321628146246,0.9952621135694469,636970,367753433,0.9441558909975778,0.08549061188204823,0.6875,366011059,1742374,427128,209842,0.0143591797264991,0.007176451664079836,0.004737886430553049
v10,CRC02_6638,own_validation,CD8a,0.14410902980689855,0.4653642476421937,0.2200693376261617,0.2200693376261617,0.12363927555057795,0.984684028150741,2030171,366360232,0.9216384346141792,0.13434299376106443,0.58203125,360749069,5611163,1085402,944769,0.039704672518694514,0.017277617708695663,0.01531597184925901
v10,CRC02_6638,own_validation,CD45RO,0.33022356673006,0.5967606787519305,0.4251732233469605,0.4251732233469605,0.26998094625402297,0.989766286200517,3088610,365301793,0.9619019239233391,0.41124439900448184,0.69140625,361563399,3738394,1245449,1843161,0.027033439838858583,0.015104336912370578,0.010233713799483048
v10,CRC02_6638,own_validation,CD20,0.3851634762248118,0.28204678372533626,0.3256368380360188,0.3256368380360188,0.1944839957265041,0.9978370236354203,1761339,366629064,0.8583390350389081,0.24789971088797988,0.75,365836054,793010,1264559,496780,0.023308653133381995,0.008016599419019088,0.0021629763645797597
v10,CRC02_6638,own_validation,PDL1,0.09824671996952394,0.6693631678253492,0.1713441599773248,0.1713441599773248,0.09369951208271106,0.9334374794111588,3948450,364441953,0.8921527081849584,0.28356571124021746,0.203125,340183778,24258175,1305503,2642947,0.042341839341060075,0.019747103662765293,0.06656252058884121
v10,CRC02_6638,own_validation,CD3e,0.4085145280618899,0.4515286484752825,0.42894593613540644,0.42894593613540644,0.2730306652084613,0.9860757763072341,7682538,360707865,0.9034628370217033,0.3817918904168027,0.66796875,355685288,5022577,4213652,3468886,0.040841730460040915,0.02640003767979304,0.01392422369276589
v10,CRC02_6638,own_validation,CD163,0.1637385353170809,0.5332877968511079,0.2505493945609033,0.2505493945609033,0.1432160438150911,0.9316499908772802,9018410,359371993,0.8858827004969765,0.20218799488153508,0.55859375,334808914,24563079,4209002,4809408,0.1133567957611788,0.06416962479453253,0.06835000912271981
v10,CRC02_6638,own_validation,ECadherin,0.909877153173188,0.9410959502815258,0.9252232812100618,0.9252232812100618,0.8608516215830814,0.9576964435677982,114996932,253393471,0.9872330976360983,0.9639520057759151,0.69140625,242674026,10719445,6773785,108223147,0.020844921202187304,0.03759442703356472,0.042303556432201836
v10,CRC02_6638,own_validation,Ki67,0.31681783485204174,0.803618153807795,0.45446695056932374,0.45446695056932374,0.29405191350436305,0.9139342791387514,17430547,350959856,0.9464632760364798,0.44279570981828464,0.703125,320754243,30205613,3423043,14007504,0.1033170686295048,0.08369916600379745,0.08606572086124858
v10,CRC02_6638,own_validation,Pan-CK,0.9780646311930036,0.8081747762595919,0.8850405619581578,0.8850405619581578,0.7937872282712979,0.9888371227715558,140408589,227981814,0.9881989024262577,0.98149574129072,0.87890625,225436881,2544933,26933909,113474680,0.007695448647270796,0.03949132889183697,0.011162877228444196
v10,CRC02_6638,own_validation,SMA,0.473877096404503,0.7502135701008739,0.5808540788854982,0.5808540788854982,0.409298346451459,0.8288643990901657,62789688,305600715,0.8905625153656204,0.5891391917519537,0.5234375,253301553,52299162,15684012,47105676,0.10122907451680646,0.1249365829012854,0.17113560090983426
v11,CRC02_6638,fixed_05,Hoechst,0.8901705331950477,0.9417985348335542,0.9152570516021514,0.9152570516021514,0.8437547835217314,0.8998876786057697,170496670,197893733,0.9798076389288631,0.9763925632007214,0.5,178082132,19811601,9923156,160573514,0.03325457339099176,0.059629620351323874,0.1001123213942303
v11,CRC02_6638,fixed_05,CD31,0.15713190999619198,0.6542163534636514,0.25340108508305265,0.25340108508305265,0.14508258474161603,0.9744726675243267,2660415,365729988,0.9562977053759886,0.23975224173945375,0.5,356393877,9336111,919928,1740487,0.03374477152139957,0.020207824676103544,0.025527332475673282
v11,CRC02_6638,fixed_05,CD45,0.4948270454496155,0.7277259408800401,0.5890926303387441,0.5890926303387441,0.4175275025178862,0.9095896027575939,39966705,328423698,0.9221629001460921,0.6482670361336405,0.5,298730781,29692917,10881897,29084808,0.07214176646801301,0.07774523891820767,0.09041039724240606
v11,CRC02_6638,fixed_05,CD68,0.21644538489053455,0.4537513906102315,0.29308524891622545,0.29308524891622545,0.171704678707672,0.9541956940890417,9993814,358396589,0.8981303895880679,0.23306689625993748,0.5,341980482,16416107,5459107,4534707,0.06538567645747287,0.04294323590748554,0.04580430591095832
v11,CRC02_6638,fixed_05,CD4,0.3023703986530291,0.5471955178675172,0.3895065083504922,0.3895065083504922,0.2418553756162963,0.9430215865529755,15908142,352482261,0.857471470773343,0.3515945100204572,0.5,332398381,20083880,7203278,8704864,0.07073655627965154,0.054312058977685124,0.0569784134470245
v11,CRC02_6638,fixed_05,FOXP3,0.09003095637929363,0.4359027897703189,0.14923836068225985,0.14923836068225985,0.08063618648227153,0.9923689087628449,636970,367753433,0.9430592626486154,0.08839614960270974,0.5,364947073,2806360,359313,277657,0.01204830987191847,0.006163815324048272,0.007631091237155086
v11,CRC02_6638,fixed_05,CD8a,0.12088283049520646,0.5231579014772647,0.19638760341390107,0.19638760341390107,0.10888570281820312,0.9789166690996091,2030171,366360232,0.9188932888721881,0.12367104471437557,0.5,358636138,7724094,968071,1062100,0.04234831059137788,0.01804132765253408,0.021083330900390957
v11,CRC02_6638,fixed_05,CD45RO,0.29279762575129503,0.6456208456231121,0.40288262965908633,0.40288262965908633,0.2522561191436349,0.9868154602788933,3088610,365301793,0.9605540431046942,0.3875510927907034,0.5,360485457,4816336,1094539,1994071,0.02089629053354088,0.012075960198576041,0.013184539721106708
v11,CRC02_6638,fixed_05,CD20,0.2307083645419751,0.3626962214542459,0.2820236110470369,0.2820236110470369,0.16416035334392393,0.9941898577904342,1761339,366629064,0.8532711235959731,0.24493882569969955,0.5,364498897,2130167,1122508,638831,0.022103168119597533,0.008178374107946532,0.005810142209565797
v11,CRC02_6638,fixed_05,PDL1,0.25664851804977923,0.5025483417543593,0.33977560758853714,0.33977560758853714,0.20465643628751637,0.9842300043870087,3948450,364441953,0.8994117331620476,0.28479761050066593,0.5,358694705,5747248,1964163,1984287,0.03737414548638266,0.0176490127637423,0.01576999561299135
v11,CRC02_6638,fixed_05,CD3e,0.3108937764651155,0.5370074316586524,0.39380122782846866,0.39380122782846866,0.24517589893065445,0.9746485067632223,7682538,360707865,0.9074553491174453,0.36096880556861244,0.5,351563382,9144483,3556958,4125580,0.04413297530466896,0.027304562268730417,0.025351493236777635
v11,CRC02_6638,fixed_05,CD163,0.16707599855409552,0.5377793868320468,0.25494599295017295,0.25494599295017295,0.1460963339359235,0.9327207393148191,9018410,359371993,0.8900400170201402,0.2110594518776657,0.5,335193711,24178282,4168495,4849915,0.10097893219707246,0.054775532174777986,0.06727926068518088
v11,CRC02_6638,fixed_05,ECadherin,0.8933256853122816,0.9638651925079184,0.927255829143859,0.927255829143859,0.8643774110688759,0.9477655326012722,114996932,253393471,0.9875216965769743,0.9645915684615273,0.5,240157598,13235873,4155392,110841540,0.01909439626298476,0.03698112766525517,0.052234467398727884
v11,CRC02_6638,fixed_05,Ki67,0.3342898000915052,0.747725817210441,0.4620212683839348,0.4620212683839348,0.30040809985613764,0.9260466188474844,17430547,350959856,0.9443883712582166,0.43903525188293235,0.5,325005188,25954668,4397277,13033270,0.06242633853001386,0.05673278494865991,0.07395338115251564
v11,CRC02_6638,fixed_05,Pan-CK,0.9114338382316828,0.9470369009975593,0.9288943424325529,0.9288943424325529,0.8672294239787085,0.9433234968469897,140408589,227981814,0.9879905285548668,0.9813285369430713,0.5,215060602,12921212,7436474,132972115,0.021320712245228822,0.04136324114434899,0.05667650315301027
v11,CRC02_6638,fixed_05,SMA,0.4619103664681833,0.8064650201797467,0.5873884922971918,0.5873884922971918,0.4158174339471467,0.8069737336838364,62789688,305600715,0.8942340595482561,0.5976600199941967,0.5,246611750,58988965,12152001,50637687,0.11127026219903252,0.12783180390833473,0.19302626631616357
v11,CRC02_6638,own_validation,Hoechst,0.8847093192292483,0.9457523774511256,0.9142130026885033,0.9142130026885033,0.8419819034047877,0.8938170214819284,170496670,197893733,0.9798076389288631,0.9763925632007214,0.46484375,176880787,21012946,9249039,161247631,0.03325457339099176,0.059629620351323874,0.10618297851807161
v11,CRC02_6638,own_validation,CD31,0.23835573878187905,0.4660058675056335,0.31539246839827345,0.31539246839827345,0.18722014622503674,0.9891680471113022,2660415,365729988,0.9562977053759886,0.23975224173945375,0.78125,361768418,3961570,1420646,1239769,0.033744771521399576,0.020207824676103544,0.010831952888697769
v11,CRC02_6638,own_validation,CD45,0.5293958840314031,0.682678694678483,0.5963449732002404,0.5963449732002404,0.4248515210748523,0.9261491720978065,39966705,328423698,0.9221629001460921,0.6482670361336405,0.578125,304169336,24254362,12682287,27284418,0.07214176646801301,0.07774523891820767,0.07385082790219359
v11,CRC02_6638,own_validation,CD68,0.21528733542502487,0.45749640727754187,0.2927929919758692,0.2927929919758692,0.17150409446522769,0.9535006093487123,9993814,358396589,0.8981303895880679,0.23306689625993748,0.49609375,341731366,16665223,5421680,4572134,0.06538567645747287,0.04294323590748554,0.0464993906512877
v11,CRC02_6638,own_validation,CD4,0.30583863499621244,0.5418018018697596,0.39097691973026183,0.39097691973026183,0.24299024950264733,0.9445002879166166,15908142,352482261,0.857471470773343,0.3515945100204572,0.5078125,332919597,19562664,7289082,8619060,0.07073655627965154,0.054312058977685124,0.0554997120833834
v11,CRC02_6638,own_validation,FOXP3,0.10435262867701844,0.3517999277830981,0.16096039236277468,0.16096039236277468,0.08752415755176395,0.9947701208815092,636970,367753433,0.9430592626486154,0.08839614960270974,0.61328125,365830127,1923306,412884,224086,0.01204830987191847,0.006163815324048272,0.005229879118490785
v11,CRC02_6638,own_validation,CD8a,0.13046348132481803,0.49408547358818544,0.2064213235784377,0.2064213235784377,0.11508908211948461,0.9817515810504236,2030171,366360232,0.9188932888721881,0.12367104471437557,0.546875,359674737,6685495,1027093,1003078,0.04234831059137788,0.01804132765253408,0.01824841894957638
v11,CRC02_6638,own_validation,CD45RO,0.31349261986137755,0.618241862844451,0.4160289543609761,0.4160289543609761,0.2626493429323621,0.9885531084705078,3088610,365301793,0.9605540431046942,0.3875510927907034,0.55078125,361120223,4181570,1179102,1909508,0.02089629053354088,0.012075960198576041,0.011446891529492164
v11,CRC02_6638,own_validation,CD20,0.3858007687780936,0.2799029601910819,0.3244289389581704,0.3244289389581704,0.193622906542948,0.9978592313674292,1761339,366629064,0.8532711235959731,0.24493882569969955,0.78125,365844196,784868,1268335,493004,0.022103168119597533,0.008178374107946532,0.002140768632570821
v11,CRC02_6638,own_validation,PDL1,0.09867915456321322,0.7019129025313731,0.17303237319184078,0.17303237319184078,0.0947101473790975,0.930539884907268,3948450,364441953,0.8994117331620476,0.28479761050066593,0.1640625,339127773,25314180,1176982,2771468,0.03737414548638266,0.0176490127637423,0.06946011509273192
v11,CRC02_6638,own_validation,CD3e,0.3611649049383948,0.4837353228841823,0.41355941483187025,0.41355941483187025,0.26068383442676585,0.9817761500709168,7682538,360707865,0.9074553491174453,0.36096880556861244,0.6015625,354134379,6573486,3966223,3716315,0.04413297530466897,0.027304562268730417,0.018223849929083193
v11,CRC02_6638,own_validation,CD163,0.17682557122849915,0.5068024186081582,0.2621765887373477,0.2621765887373477,0.15086491932276236,0.9407932492947496,9018410,359371993,0.8900400170201402,0.2110594518776657,0.53125,338094745,21277248,4447858,4570552,0.10097893219707246,0.054775532174777986,0.05920675070525042
v11,CRC02_6638,own_validation,ECadherin,0.9138443144740247,0.9371381838256346,0.925344677167148,0.925344677167148,0.8610618283896712,0.959903524901792,114996932,253393471,0.9875216965769743,0.9645915684615273,0.703125,243233286,10160185,7228916,107768016,0.01909439626298476,0.03698112766525517,0.04009647509820804
v11,CRC02_6638,own_validation,Ki67,0.3353102429376229,0.7453865331937087,0.46254554477775467,0.46254554477775467,0.3008515427605898,0.9266150029421029,17430547,350959856,0.9443883712582166,0.43903525188293235,0.50390625,325204668,25755188,4438052,12992495,0.06242633853001386,0.05673278494865991,0.07338499705789713
v11,CRC02_6638,own_validation,Pan-CK,0.9668761230888848,0.868588551943927,0.9151007296263215,0.9151007296263215,0.8434891188664251,0.9816735689277392,140408589,227981814,0.9879905285548668,0.9813285369430713,0.875,223803721,4178093,18451296,121957293,0.021320712245228822,0.04136324114434899,0.01832643107226088
v11,CRC02_6638,own_validation,SMA,0.4728586558136911,0.7780069555370303,0.5882123864796103,0.5882123864796103,0.41664367986120954,0.821797753320047,62789688,305600715,0.8942340595482561,0.5976600199941967,0.54296875,251141981,54458734,13938874,48850814,0.11127026219903252,0.12783180390833473,0.17820224667995296
v6,full_38218,fixed_05,Hoechst,0.926498412050544,0.9142482893744937,0.9203325885844481,0.9203325885844481,0.8524223097349952,0.9093499678817527,1100474793,880497923,0.9736252144655805,0.9792602926915905,0.5,800680758,79817165,94367596,1006107197,0.03417028691595957,0.06566599271482272,0.09065003211824725
v6,full_38218,fixed_05,CD31,0.32288218553355424,0.41246418163221893,0.36221661618597983,0.36221661618597983,0.2211627128261985,0.9889508903202321,24985435,1955987281,0.8828323585206675,0.27577744011932737,0.5,1934375363,21611918,14679838,10305597,0.013491524715542337,0.014704455925042242,0.011049109679767903
v6,full_38218,fixed_05,CD45,0.7535729453528133,0.7832054730901958,0.7681035184903072,0.7681035184903072,0.623513038651587,0.9250150003246538,448632548,1532340168,0.9445918479223294,0.8558135894527219,0.5,1417437641,114902527,97261081,351371467,0.03816379292022306,0.078271269272098,0.07498499967534623
v6,full_38218,fixed_05,CD68,0.4093185444985784,0.3768438732344818,0.3924104796063143,0.3924104796063143,0.24409867981113498,0.9660362866258752,116447471,1864525245,0.8945869098513445,0.36068784524820424,0.5,1801199044,63326201,72564955,43882516,0.03225227591540576,0.05067884777889423,0.0339637133741249
v6,full_38218,fixed_05,CD4,0.5034375036612265,0.5640593343140123,0.5320270994384835,0.5320270994384835,0.3624229706386113,0.9339102776712421,210334546,1770638170,0.8772286520477929,0.5141674403380005,0.5,1653617185,117020985,91693382,118641164,0.051365646350655075,0.07730320416812354,0.06608972232875789
v6,full_38218,fixed_05,FOXP3,0.13863782643112785,0.2850946256698739,0.18655592241797947,0.18655592241797947,0.10287382154443178,0.9913832584096502,9590051,1971382665,0.8912026565380721,0.10012051552833545,0.5,1954395770,16986895,6855979,2734072,0.009914748136583744,0.00924449620958788,0.008616741590349735
v6,full_38218,fixed_05,CD8a,0.31962564319004994,0.31672495283602625,0.3181686868740037,0.3181686868740037,0.18917990430480688,0.9816175457458493,52578797,1928393919,0.9054166489653335,0.24811727655911225,0.5,1892945306,35448613,35925780,16653017,0.01931579575274834,0.02703370642462851,0.018382454254150755
v6,full_38218,fixed_05,CD45RO,0.6789198946730088,0.5767974648341804,0.623706077021289,0.623706077021289,0.45317796337529614,0.9773456175538842,151902332,1829070384,0.9441740969020304,0.6788873982578325,0.5,1787633924,41436460,64285452,87616880,0.026543443391076095,0.040782691523917454,0.022654382446115864
v6,full_38218,fixed_05,CD20,0.5978620981645164,0.4641262528235114,0.5225735198849228,0.5225735198849228,0.3537052617631569,0.9942716523766724,35694473,1945278243,0.8990926233034199,0.47736615235085744,0.5,1934135013,11143230,19127731,16566742,0.007904988558656347,0.01259269611119241,0.005728347623327631
v6,full_38218,fixed_05,PDL1,0.48989085529724113,0.31731740111875345,0.385156845954391,0.385156845954391,0.23851037482462073,0.9849693120705992,86194504,1894778212,0.9042852898538266,0.37978438692543337,0.5,1866298392,28479820,58843488,27351016,0.020665908309874553,0.0344273672859318,0.015030687929400785
v6,full_38218,fixed_05,CD3e,0.5152085735004653,0.501637108960558,0.5083322745629558,0.5083322745629558,0.34078117123169605,0.9721530102684872,110357346,1870615370,0.8984792806897038,0.4685460987181095,0.5,1818524363,52091007,54998006,55359340,0.028690370707217243,0.0423247493483606,0.02784698973151279
v6,full_38218,fixed_05,CD163,0.29572717725162084,0.3025022785009803,0.2990763630010026,0.2990763630010026,0.17583174017657494,0.9637161254639859,94988987,1885983729,0.8666740148938264,0.24475458438263165,0.5,1817552932,68430797,66254602,28734385,0.036456692431267826,0.05023816472439247,0.03628387453601409
v6,full_38218,fixed_05,ECadherin,0.8799605272831285,0.9387947108561424,0.908426017368616,0.908426017368616,0.8322166264706441,0.9423853471339246,614676191,1366296525,0.9790308733271795,0.9360232584027781,0.5,1287577825,78718700,37621434,577054757,0.02845836487940371,0.047514919619063185,0.05761465286607532
v6,full_38218,fixed_05,Ki67,0.4163886144433982,0.5627370024004316,0.47862557509394726,0.47862557509394726,0.31460077628392047,0.9611587841236815,92974533,1887998183,0.9347257990115646,0.44805374511090784,0.5,1814666038,73332145,40654323,52320210,0.033258539136069576,0.04195725415058909,0.03884121587631846
v6,full_38218,fixed_05,Pan-CK,0.8779143424452873,0.934949532796812,0.9055347348627896,0.9055347348627896,0.82737640353462,0.9291341390541125,698831276,1282141440,0.9756056156674162,0.945776443467138,0.5,1191281383,90860057,45459301,653371975,0.03362279348265871,0.05522732497688949,0.07086586094588752
v6,full_38218,fixed_05,SMA,0.5270407061509795,0.6051263847312239,0.5633907568728587,0.5633907568728587,0.3921670137987536,0.9082257452012099,286390054,1694582662,0.9001362759662899,0.5910461202239777,0.5,1539063601,155519061,113087876,173302178,0.054715352069547765,0.0921680661721759,0.0917742547987901
v6,full_38218,own_validation,Hoechst,0.9380880519378186,0.898975488846113,0.9181154013993751,0.9181154013993751,0.8486260018738794,0.9258467007195882,1100474793,880497923,0.9736252144655805,0.9792602926915905,0.60546875,815206097,65291826,111174928,989299865,0.03417028691595957,0.06566599271482272,0.07415329928041181
v6,full_38218,own_validation,CD31,0.3091220400572919,0.43427240710437903,0.36116269885320157,0.36116269885320157,0.22037739719523905,0.987601918358282,24985435,1955987281,0.8828323585206675,0.27577744011932737,0.421875,1931736791,24250490,14134950,10850485,0.013491524715542337,0.014704455925042242,0.012398081641717996
v6,full_38218,own_validation,CD45,0.7659536440605154,0.7686119420831679,0.7672804906129435,0.7672804906129435,0.6224290966194388,0.9312390106320048,448632548,1532340168,0.9445918479223294,0.8558135894527219,0.5390625,1426974942,105365226,103808214,344824334,0.03816379292022306,0.078271269272098,0.06876098936799521
v6,full_38218,own_validation,CD68,0.3344494363938965,0.5624175212873451,0.419460704626512,0.419460704626512,0.2653908737696975,0.9301009582200642,116447471,1864525245,0.8945869098513445,0.36068784524820424,0.25390625,1734196717,130328528,50955373,65492098,0.03225227591540576,0.05067884777889423,0.06989904177993578
v6,full_38218,own_validation,CD4,0.46306287318212697,0.6288338768658573,0.5333647558946634,0.5333647558946634,0.36366557945361644,0.9133835881330854,210334546,1770638170,0.8772286520477929,0.5141674403380005,0.37890625,1617271845,153366325,78069058,132265488,0.051365646350655075,0.07730320416812354,0.08661641186691463
v6,full_38218,own_validation,FOXP3,0.11946375303377699,0.4265950201933233,0.18665625253719506,0.18665625253719506,0.10293484222082043,0.9847040361390212,9590051,1971382665,0.8912026565380721,0.10012051552833545,0.2109375,1941228467,30154198,5498983,4091068,0.009914748136583744,0.00924449620958788,0.015295963860978761
v6,full_38218,own_validation,CD8a,0.2692522294450738,0.5359868161304642,0.3584417471786801,0.3584417471786801,0.21835457045927673,0.9603377643714712,52578797,1928393919,0.9054166489653335,0.24811727655911225,0.1875,1851909505,76484414,24397255,28181542,0.01931579575274834,0.02703370642462851,0.03966223562852876
v6,full_38218,own_validation,CD45RO,0.6226600718012837,0.6763363909383564,0.6483892417309921,0.6483892417309921,0.47971595206994105,0.9659608643031858,151902332,1829070384,0.9441740969020304,0.6788873982578325,0.28515625,1766810409,62259975,49165257,102737075,0.026543443391076095,0.040782691523917454,0.03403913569681417
v6,full_38218,own_validation,CD20,0.5523345006255211,0.5019401463078051,0.5259328977724256,0.5259328977724256,0.3567903367340934,0.9925351234188455,35694473,1945278243,0.8990926233034199,0.47736615235085744,0.40234375,1930756981,14521262,17777984,17916489,0.007904988558656347,0.01259269611119241,0.007464876581154463
v6,full_38218,own_validation,PDL1,0.27373479555148766,0.7132143483301441,0.39562643128034225,0.39562643128034225,0.2465924638711575,0.9139191600541795,86194504,1894778212,0.9042852898538266,0.37978438692543337,0.05078125,1731674112,163104100,24719347,61475157,0.020665908309874553,0.0344273672859318,0.08608083994582053
v6,full_38218,own_validation,CD3e,0.4762260569664718,0.5570022044567835,0.5134566551338745,0.5134566551338745,0.34540308354084026,0.9638586477561125,110357346,1870615370,0.8984792806897038,0.4685460987181095,0.36328125,1803008801,67606569,48888061,61469285,0.028690370707217243,0.0423247493483606,0.03614135224388753
v6,full_38218,own_validation,CD163,0.24042625057917497,0.5019146272188375,0.32511600948346026,0.32511600948346026,0.19411255425708224,0.9201356004911747,94988987,1885983729,0.8666740148938264,0.24475458438263165,0.2578125,1735360771,150622958,47312625,47676362,0.036456692431267826,0.05023816472439247,0.07986439950882525
v6,full_38218,own_validation,ECadherin,0.8883519421138564,0.9227130858562895,0.9052065488261599,0.9052065488261599,0.826828611237668,0.9478283917907205,614676191,1366296525,0.9790308733271795,0.9360232584027781,0.6171875,1295014638,71281887,47506426,567169765,0.02845836487940371,0.047514919619063185,0.05217160820927946
v6,full_38218,own_validation,Ki67,0.35097353911600676,0.7053585845921915,0.46872038296274593,0.46872038296274593,0.3060971867891993,0.9357666728220575,92974533,1887998183,0.9347257990115646,0.44805374511090784,0.234375,1766725778,121272405,27394148,65580385,0.033258539136069576,0.04195725415058909,0.06423332717794253
v6,full_38218,own_validation,Pan-CK,0.9149694371336878,0.871282488221091,0.8925917296618217,0.8925917296618217,0.8060186595764213,0.9558669595766283,698831276,1282141440,0.9756056156674162,0.945776443467138,0.8359375,1225556640,56584800,89951823,608879453,0.03362279348265871,0.05522732497688949,0.0441330404233717
v6,full_38218,own_validation,SMA,0.47539457938416535,0.7156413888591256,0.5712875951989543,0.5712875951989543,0.39986185692739795,0.866534452953113,286390054,1694582662,0.9001362759662899,0.5910461202239777,0.35546875,1468414260,226168402,81437478,204952576,0.054715352069547765,0.0921680661721759,0.13346554704688698
v7,full_38218,fixed_05,Hoechst,0.9253601638033394,0.908271958938,0.9167364361443502,0.9167364361443502,0.8462727509096852,0.9084354114938668,1100474793,880497923,0.9717829327618291,0.9780587925901238,0.5,799875493,80622430,100944397,999530396,0.03305130154611472,0.06808650487820347,0.09156458850613325
v7,full_38218,fixed_05,CD31,0.25851451269328557,0.4980272306645852,0.34035733777703736,0.34035733777703736,0.2050786868307875,0.9817529902434984,24985435,1955987281,0.941831771125262,0.28609712704757506,0.5,1920296362,35690919,12542008,12443427,0.02406445966034206,0.018311320353057475,0.01824700975650158
v7,full_38218,fixed_05,CD45,0.7466120456211918,0.7817435350232325,0.7637740159770151,0.7637740159770151,0.6178271819619142,0.9223232827242573,448632548,1532340168,0.9433624576981006,0.8516834300775282,0.5,1413313014,119027154,97916954,350715594,0.03327488389220362,0.07878277133182209,0.07767671727574266
v7,full_38218,fixed_05,CD68,0.3577478789069874,0.504919870694315,0.41878002937368375,0.41878002937368375,0.2648461549646418,0.9433874476716994,116447471,1864525245,0.8991785283399393,0.3826250780381525,0.5,1758969712,105555533,57650829,58796642,0.053299165950194856,0.05754497924126541,0.0566125523283006
v7,full_38218,fixed_05,CD4,0.4715613554952028,0.6140886575997839,0.533469306459903,0.533469306459903,0.36376279665320016,0.9182536774297597,210334546,1770638170,0.8790517222843015,0.5238179191670699,0.5,1625895011,144743159,81170487,129164059,0.0631828631017641,0.08194718779336435,0.08174632257024031
v7,full_38218,fixed_05,FOXP3,0.11410565285938998,0.47448538073468016,0.183969721082453,0.183969721082453,0.10130322341988095,0.9820796045196025,9590051,1971382665,0.9490978776234521,0.1121679603286849,0.5,1936054708,35327957,5039712,4550339,0.024793560472642657,0.013971935232379341,0.017920395480397512
v7,full_38218,fixed_05,CD8a,0.31337295304461726,0.4598989969283626,0.3727534841390129,0.3727534841390129,0.22907007666369866,0.972525060114546,52578797,1928393919,0.9233455195142719,0.29406299436417216,0.5,1875411412,52982507,28397861,24180936,0.03636087291093626,0.029873769303222296,0.027474939885453974
v7,full_38218,fixed_05,CD45RO,0.6270722057857199,0.7108414833289064,0.6663343690130382,0.6663343690130382,0.49962625828478924,0.9648913614469196,151902332,1829070384,0.9603762871755569,0.7205521692202623,0.5,1764854213,64216171,43923853,107978479,0.022724272555339375,0.039755766055616926,0.03510863855308041
v7,full_38218,fixed_05,CD20,0.5707067794992613,0.5468280201251325,0.5585122868844209,0.5585122868844209,0.3874554613284027,0.9924523630216739,35694473,1945278243,0.9288193679203786,0.5673771063237636,0.5,1930595989,14682254,16175735,19518738,0.018324407843337415,0.013171880856665829,0.007547636978326088
v7,full_38218,fixed_05,PDL1,0.4298709181143219,0.49657075583380583,0.4608197854686592,0.4608197854686592,0.2993930022735983,0.970040299893421,86194504,1894778212,0.9229202110653247,0.41794762447434175,0.5,1838011225,56766987,43392834,42801670,0.02863664793809178,0.03712191794684872,0.02995970010657902
v7,full_38218,fixed_05,CD3e,0.4731506489144621,0.5626479002131857,0.5140328094115156,0.5140328094115156,0.3459247368765554,0.963039276748806,110357346,1870615370,0.9049160931396372,0.49568416264624515,0.5,1801476073,69139297,48265017,62092329,0.0372019721240403,0.04485627216066853,0.03696072325119407
v7,full_38218,fixed_05,CD163,0.2569439917170337,0.4103158611429344,0.31600341238873536,0.31600341238873536,0.18765086266414804,0.9402364064615957,94988987,1885983729,0.8661133307680395,0.2427330787043961,0.5,1773270564,112713165,56013499,38975488,0.07198921904316707,0.06048091078029868,0.059763593538404276
v7,full_38218,fixed_05,ECadherin,0.8701552842670289,0.9510123631907519,0.9087888579493248,0.9087888579493248,0.832825860118574,0.9361567321559279,614676191,1366296525,0.9791259876757562,0.9352131838387177,0.5,1279067690,87228835,30111534,584564657,0.02549595425400366,0.047744141699254936,0.06384326784407214
v7,full_38218,fixed_05,Ki67,0.30276248859249566,0.7916915592359038,0.43801657483479356,0.43801657483479356,0.2804233180569543,0.9102163770461638,92974533,1887998183,0.9416735763567707,0.4361249063491971,0.5,1718486866,169511317,19367380,73607153,0.07928442950635609,0.06634158498563503,0.08978362295383628
v7,full_38218,fixed_05,Pan-CK,0.8636643106893743,0.9419770474039287,0.9011224224398691,0.9011224224398691,0.8200389568787606,0.9189521867415813,698831276,1282141440,0.9750113107433601,0.9418966801493235,0.5,1178226680,103914760,40548254,658283022,0.031077876080714505,0.05692524899080513,0.08104781325841867
v7,full_38218,fixed_05,SMA,0.4792345411971988,0.6896630250993283,0.5655077963098515,0.5655077963098515,0.39422158925305784,0.873343881763379,286390054,1694582662,0.8983040805663328,0.586675747617744,0.5,1479953400,214629262,88877423,197512631,0.07333306660791866,0.10107018638548115,0.126656118236621
v7,full_38218,own_validation,Hoechst,0.92441985594583,0.9094239053597296,0.9168605672141091,0.9168605672141091,0.8464843393762298,0.9070698625600279,1100474793,880497923,0.9717829327618291,0.9780587925901238,0.4921875,798673130,81824793,99676709,1000798084,0.03305130154611472,0.06808650487820347,0.09293013743997214
v7,full_38218,own_validation,CD31,0.299284732395599,0.42916251007837164,0.35264540654121174,0.35264540654121174,0.21406769856439767,0.9871648873978542,24985435,1955987281,0.941831771125262,0.28609712704757506,0.62890625,1930881964,25105317,14262623,10722812,0.02406445966034206,0.018311320353057475,0.012835112602145801
v7,full_38218,own_validation,CD45,0.7622394824928247,0.7633720124113688,0.7628053270881899,0.7628053270881899,0.6165604684450209,0.9302859807300959,448632548,1532340168,0.9433624576981006,0.8516834300775282,0.54296875,1425514576,106825592,106159017,342473531,0.03327488389220362,0.07878277133182209,0.06971401926990405
v7,full_38218,own_validation,CD68,0.32824710266275775,0.571866588669839,0.41708853592173295,0.41708853592173295,0.2634945449489208,0.9269087879794301,116447471,1864525245,0.8991785283399393,0.3826250780381525,0.42578125,1728244835,136280410,49855053,66592418,0.053299165950194856,0.05754497924126541,0.07309121202056988
v7,full_38218,own_validation,CD4,0.4715613554952028,0.6140886575997839,0.533469306459903,0.533469306459903,0.36376279665320016,0.9182536774297597,210334546,1770638170,0.8790517222843015,0.5238179191670699,0.5,1625895011,144743159,81170487,129164059,0.0631828631017641,0.08194718779336435,0.08174632257024031
v7,full_38218,own_validation,FOXP3,0.1273997688845161,0.3884860466331201,0.19187591931077957,0.19187591931077957,0.10611877877188625,0.9870558930779681,9590051,1971382665,0.9490978776234521,0.1121679603286849,0.58984375,1945864877,25517788,5864450,3725601,0.024793560472642657,0.013971935232379341,0.012944106922031802
v7,full_38218,own_validation,CD8a,0.29581868699874153,0.5042004669677018,0.37287087286111165,0.37287087286111165,0.22915874754006796,0.967275198091931,52578797,1928393919,0.9233455195142719,0.29406299436417216,0.44921875,1865287610,63106309,26068543,26510254,0.03636087291093626,0.029873769303222296,0.032724801908069076
v7,full_38218,own_validation,CD45RO,0.6636421466951973,0.6626695698127926,0.6631555016614306,0.6631555016614306,0.49606031403472906,0.9721067792435483,151902332,1829070384,0.9603762871755569,0.7205521692202623,0.59375,1778051720,51018664,51241279,100661053,0.022724272555339375,0.039755766055616926,0.027893220756451766
v7,full_38218,own_validation,CD20,0.6789539112529125,0.48251719530920095,0.5641241269817978,0.5641241269817978,0.39287805971418155,0.9958134225634271,35694473,1945278243,0.9288193679203786,0.5673771063237636,0.6484375,1937134185,8144058,18471276,17223197,0.018324407843337415,0.013171880856665829,0.004186577436572913
v7,full_38218,own_validation,PDL1,0.24585801817272984,0.8015113353398959,0.3762913012277089,0.3762913012277089,0.23174803553878107,0.8881593704962869,86194504,1894778212,0.9229202110653247,0.41794762447434175,0.12109375,1682865024,211913188,17108632,69085872,0.02863664793809178,0.03712191794684872,0.11184062950371312
v7,full_38218,own_validation,CD3e,0.5094827742036436,0.5174399083500975,0.513430513257926,0.513430513257926,0.3453794241284655,0.9706098752946738,110357346,1870615370,0.9049160931396372,0.49568416264624515,0.578125,1815637751,54977619,53254051,57103295,0.0372019721240403,0.04485627216066853,0.02939012470532625
v7,full_38218,own_validation,CD163,0.23701995448118426,0.4912114180141746,0.3197525191462406,0.3197525191462406,0.19030084722029722,0.9203598558723303,94988987,1885983729,0.8661133307680395,0.2427330787043961,0.42578125,1735783713,150200016,48329312,46659675,0.07198921904316707,0.06048091078029868,0.07964014412766972
v7,full_38218,own_validation,ECadherin,0.8845400205069347,0.928205585890344,0.9058468933319918,0.9058468933319918,0.8278977483238522,0.9454920819622227,614676191,1366296525,0.9791259876757562,0.9352131838387177,0.66796875,1291822546,74473979,44130317,570545874,0.025495954254003663,0.047744141699254936,0.05450791803777734
v7,full_38218,own_validation,Ki67,0.32809121878285635,0.7367930958039876,0.4540124058206512,0.4540124058206512,0.29367144182140287,0.9256940328315983,92974533,1887998183,0.9416735763567707,0.4361249063491971,0.60546875,1747708652,140289531,24471539,68502994,0.07928442950635609,0.06634158498563503,0.07430596716840167
v7,full_38218,own_validation,Pan-CK,0.917202427287274,0.8453917652077152,0.8798342606128766,0.8798342606128766,0.7854500719636905,0.9584044549718321,698831276,1282141440,0.9750113107433601,0.9418966801493235,0.85546875,1228810068,53331372,108045070,590786206,0.031077876080714505,0.05692524899080513,0.041595545028167875
v7,full_38218,own_validation,SMA,0.4635068646985719,0.7227664617151823,0.5648061186567371,0.5648061186567371,0.39353994327798386,0.8586157073522567,286390054,1694582662,0.8983040805663328,0.586675747617744,0.45703125,1454995291,239587371,79396928,206993126,0.07333306660791866,0.10107018638548115,0.14138429264774338
v9,full_38218,fixed_05,Hoechst,0.9236539991276951,0.9191379125028264,0.9213904220818331,0.9213904220818331,0.8542390508530586,0.9050468401843124,1100474793,880497923,0.9739532360653864,0.9795893441656873,0.5,796891863,83606060,88986689,1011488104,0.031123117458201673,0.06476852849572455,0.09495315981568761
v9,full_38218,fixed_05,CD31,0.33740994223878323,0.3638827180715485,0.3501466758026009,0.3501466758026009,0.2122289725196851,0.990872131852068,24985435,1955987281,0.8781307662001865,0.2652284033828226,0.5,1938133287,17853994,15893667,9091768,0.011912229738371109,0.013640561238838807,0.00912786814793199
v9,full_38218,fixed_05,CD45,0.7495490275428182,0.7847268696162455,0.7667346702072279,0.7667346702072279,0.6217110395344234,0.9232326069259577,448632548,1532340168,0.9441269607218324,0.8543148041579876,0.5,1414706408,117633760,96578533,352054015,0.03621522223401473,0.0784416560799597,0.07676739307404229
v9,full_38218,fixed_05,CD68,0.41582469796891597,0.3538456751886007,0.38233970318822336,0.38233970318822336,0.23635351868483834,0.9689537896280938,116447471,1864525245,0.893057105519966,0.35918193749457517,0.5,1806638802,57886443,75243037,41204434,0.029486648910394497,0.04985594927470884,0.03104621037190623
v9,full_38218,fixed_05,CD4,0.4943251504493144,0.5736676846227629,0.5310491890892111,0.5310491890892111,0.3615159780332919,0.930289239726488,210334546,1770638170,0.8784783017938549,0.514492495132977,0.5,1647205637,123432533,89672414,120662132,0.05136626688225009,0.07796966681012996,0.069710760273512
v9,full_38218,fixed_05,FOXP3,0.14506723131158603,0.22626490724606158,0.17678848787317264,0.17678848787317264,0.09696542979094286,0.9935132101813424,9590051,1971382665,0.8893411338010591,0.09949567015467478,0.5,1958594720,12787945,7420159,2169892,0.007982826786164913,0.007924030434746447,0.006486789818657556
v9,full_38218,fixed_05,CD8a,0.3461857841544889,0.2803767838202917,0.30982526479126693,0.30982526479126693,0.18330960600532475,0.9855621651128013,52578797,1928393919,0.9106772158595516,0.265284932185079,0.5,1900552086,27841833,37836923,14741874,0.015571769612268837,0.02495207519814768,0.014437834887198688
v9,full_38218,fixed_05,CD45RO,0.6863175744853891,0.5811863243811162,0.6293919708334348,0.6293919708334348,0.45920639412579056,0.9779395443975435,151902332,1829070384,0.9506475135322809,0.6890085349354949,0.5,1788720258,40350126,63618774,88283558,0.022201715922178077,0.03932879713756034,0.022060455602456466
v9,full_38218,fixed_05,CD20,0.577857370758158,0.4716735277195436,0.5193939977938276,0.5193939977938276,0.3507982522155835,0.9936773476780206,35694473,1945278243,0.9055485022018088,0.47957596734891655,0.5,1932978925,12299318,18858335,16836138,0.008187174725441346,0.012873286275517218,0.006322652321979422
v9,full_38218,fixed_05,PDL1,0.5061213745110651,0.350801310951334,0.41438520578590365,0.41438520578590365,0.2613404007694643,0.9844278724480077,86194504,1894778212,0.9200523693070805,0.41034124915033643,0.5,1865272484,29505728,55957359,30237145,0.01587936597369962,0.03270415939778165,0.01557212755199235
v9,full_38218,fixed_05,CD3e,0.5164539897040968,0.4920280159691408,0.5039451977605023,0.5039451977605023,0.33684942356799275,0.9728222969749254,110357346,1870615370,0.9019154715769395,0.46655345723901664,0.5,1819776341,50839029,56058440,54298906,0.025693845574024106,0.04178455913511335,0.02717770302507458
v9,full_38218,fixed_05,CD163,0.2887178969168287,0.3071619028845944,0.29765445528901946,0.29765445528901946,0.17484961041769836,0.9618872014139206,94988987,1885983729,0.8642314498017347,0.2447110118567017,0.5,1814103611,71880118,65811989,29176998,0.03864900527270228,0.05120289700051253,0.038112798586079424
v9,full_38218,fixed_05,ECadherin,0.8749200385614921,0.946541552314656,0.9093226841559067,0.9093226841559067,0.8337229269797058,0.9391219845194293,614676191,1366296525,0.9781865404553626,0.9317431697714643,0.5,1283119104,83177421,32859635,581816556,0.029524035981338174,0.0480086860633652,0.06087801548057074
v9,full_38218,fixed_05,Ki67,0.40463534307272225,0.6055391426381244,0.48510933940866735,0.48510933940866735,0.3202272956249572,0.9561243168844723,92974533,1887998183,0.9384798638798623,0.4569005154984993,0.5,1805160973,82837210,36674814,56299719,0.035479047168357314,0.042789645833917304,0.04387568311552766
v9,full_38218,fixed_05,Pan-CK,0.8618869582685833,0.9470086954150575,0.9024450274763406,0.9024450274763406,0.8222321888818986,0.9172868150958446,698831276,1282141440,0.9744277778338775,0.9390020768353659,0.5,1176091438,106050002,37031981,661799295,0.04117328541284787,0.05830192538824552,0.08271318490415534
v9,full_38218,fixed_05,SMA,0.523011025838399,0.6179893244476988,0.5665471188602637,0.5665471188602637,0.3952324672226427,0.9047481013351711,286390054,1694582662,0.9019241157457565,0.5942029506037321,0.5,1533170446,161412216,109404058,176985996,0.0545862225144795,0.09225827283986705,0.0952518986648289
v9,full_38218,own_validation,Hoechst,0.9355294290848644,0.9043628116977687,0.9196821489429288,0.9196821489429288,0.8513070001046791,0.9221069837776323,1100474793,880497923,0.9739532360653864,0.9795893441656873,0.6015625,811913284,68584639,105246315,995228478,0.031123117458201673,0.06476852849572455,0.07789301622236762
v9,full_38218,own_validation,CD31,0.3008954599045122,0.4242495277748816,0.3520806430245499,0.3520806430245499,0.2136516216853899,0.9874087529917839,24985435,1955987281,0.8781307662001865,0.2652284033828226,0.31640625,1931358962,24628319,14385376,10600059,0.011912229738371109,0.013640561238838807,0.012591247008216103
v9,full_38218,own_validation,CD45,0.7704581558261527,0.7598320039855869,0.7651081865421456,0.7651081865421456,0.6195750738680057,0.9337225205467563,448632548,1532340168,0.9441269607218324,0.8543148041579876,0.5625,1430780524,101559644,107747180,340885368,0.03621522223401473,0.0784416560799597,0.0662774794532437
v9,full_38218,own_validation,CD68,0.3270923807276846,0.5640207506095173,0.41405941312937933,0.41405941312937933,0.2610812892722556,0.9275327312610347,116447471,1864525245,0.893057105519966,0.35918193749457517,0.24609375,1729408193,135117052,50768681,65678790,0.029486648910394497,0.04985594927470884,0.07246726873896524
v9,full_38218,own_validation,CD4,0.4643011466669075,0.6213128203866235,0.5314527331060674,0.5314527331060674,0.36189011078282995,0.9148446257656356,210334546,1770638170,0.8784783017938549,0.514492495132977,0.41796875,1619858814,150779356,79650996,130683550,0.05136626688225009,0.07796966681012996,0.08515537423436433
v9,full_38218,own_validation,FOXP3,0.11611753276361242,0.4322365960306155,0.1830577886286013,0.1830577886286013,0.10075047378112936,0.9839945371539524,9590051,1971382665,0.8893411338010591,0.09949567015467478,0.13671875,1939829773,31552892,5444880,4145171,0.007982826786164913,0.007924030434746447,0.0160054628460477
v9,full_38218,own_validation,CD8a,0.2725964910924801,0.5514150694623158,0.3648342335627893,0.3648342335627893,0.22311758297001916,0.9598811336015212,52578797,1928393919,0.9106772158595516,0.265284932185079,0.16015625,1851028941,77364978,23586056,28992741,0.015571769612268837,0.02495207519814768,0.04011886639847883
v9,full_38218,own_validation,CD45RO,0.6290657683332274,0.6830891444115552,0.6549653448623275,0.6549653448623275,0.4869505349624525,0.9665487563872774,151902332,1829070384,0.9506475135322809,0.6890085349354949,0.30859375,1767885705,61184679,48139498,103762834,0.022201715922178077,0.03932879713756034,0.03345124361272256
v9,full_38218,own_validation,CD20,0.5293698411508749,0.5075523036857835,0.5182315446069062,0.5182315446069062,0.34973854566867957,0.9917201855015041,35694473,1945278243,0.9055485022018088,0.47957596734891655,0.40625,1929171700,16106543,17577661,18116812,0.008187174725441346,0.012873286275517218,0.008279814498495885
v9,full_38218,own_validation,PDL1,0.2705290920703802,0.7865229435046114,0.4025863072731014,0.4025863072731014,0.25202382395123835,0.9035223780586727,86194504,1894778212,0.9200523693070805,0.41034124915033643,0.05078125,1711974516,182803696,18400549,67793955,0.015879365973699617,0.03270415939778165,0.09647762194132724
v9,full_38218,own_validation,CD3e,0.47044021523955387,0.5566845908019571,0.5099415712229066,0.5099415712229066,0.3422292450916982,0.9630311018988367,110357346,1870615370,0.9019154715769395,0.46655345723901664,0.359375,1801460781,69154589,48923112,61434234,0.025693845574024106,0.04178455913511335,0.03696889810116336
v9,full_38218,own_validation,CD163,0.236962731561101,0.49596567442076206,0.3207008488471539,0.3207008488471539,0.19097303099747975,0.9195635976772523,94988987,1885983729,0.8642314498017347,0.2447110118567017,0.28125,1734281983,151701746,47877710,47111277,0.03864900527270228,0.05120289700051253,0.08043640232274772
v9,full_38218,own_validation,ECadherin,0.8851088374957512,0.928603094372985,0.90633445247127,0.90633445247127,0.8287126302179333,0.9457722605274137,614676191,1366296525,0.9781865404553626,0.9317431697714643,0.64453125,1292205353,74091172,43885978,570790213,0.029524035981338174,0.0480086860633652,0.05422773947258631
v9,full_38218,own_validation,Ki67,0.3693947519495329,0.6802534732817641,0.47879290791989626,0.47879290791989626,0.3147453824089087,0.9428126382894936,92974533,1887998183,0.9384798638798623,0.4569005154984993,0.36328125,1780028548,107969635,29728284,63246249,0.035479047168357314,0.042789645833917304,0.05718736171050648
v9,full_38218,own_validation,Pan-CK,0.9116632166960077,0.8714419973956632,0.8910989752384633,0.8910989752384633,0.803587475654186,0.95397624695759,698831276,1282141440,0.9744277778338775,0.9390020768353659,0.88671875,1223132479,59008961,89840353,608990923,0.04117328541284787,0.05830192538824552,0.04602375304241005
v9,full_38218,own_validation,SMA,0.4708736904397688,0.7324548079452508,0.5732328270466663,0.5732328270466663,0.4017704064918345,0.8608987803983563,286390054,1694582662,0.9019241157457565,0.5942029506037321,0.3515625,1458864147,235718515,76622282,209767772,0.0545862225144795,0.09225827283986705,0.13910121960164373
v10,full_38218,fixed_05,Hoechst,0.915789316962565,0.9217430616786513,0.9187565440276717,0.9187565440276717,0.8497221776953672,0.8940665155890436,1100474793,880497923,0.9723455675851971,0.97832994866425,0.5,787223710,93274213,86119788,1014355005,0.032390316996956395,0.0672031365458012,0.10593348441095642
v10,full_38218,fixed_05,CD31,0.22139186204526717,0.5689485894482126,0.3187501978114483,0.3187501978114483,0.18959121803108506,0.9744405679496849,24985435,1955987281,0.9451949810860494,0.29234304088481783,0.5,1905993357,49993924,10770007,14215428,0.03795803926871955,0.023003800071920922,0.025559432050315054
v10,full_38218,fixed_05,CD45,0.7097346410032469,0.8164831143727004,0.7593757155862453,0.7593757155862453,0.6120916099470688,0.9022353148938663,448632548,1532340168,0.9427674200096686,0.8518144336988469,0.5,1382531414,149808754,82331648,366300900,0.048682321276917795,0.08364181482006387,0.09776468510613369
v10,full_38218,fixed_05,CD68,0.31986943041689225,0.5891741435930369,0.4146309442486781,0.4146309442486781,0.26153591351143185,0.9217606865923663,116447471,1864525245,0.8992517260148429,0.38791048879476064,0.5,1718646070,145879175,47839632,68607839,0.07820327660418425,0.06675288412011954,0.0782393134076337
v10,full_38218,fixed_05,CD4,0.442313027458676,0.6584516458841716,0.5291625866620903,0.5291625866620903,0.35976959918446166,0.9013798990902812,210334546,1770638170,0.8795524501764843,0.535353915053932,0.5,1596017655,174620515,71839418,138495128,0.08161378307447889,0.0889008400677848,0.0986201009097189
v10,full_38218,fixed_05,FOXP3,0.10011886693995983,0.5613450856517864,0.16992984641888356,0.16992984641888356,0.09285427997738861,0.9754557860028662,9590051,1971382665,0.9511532540926945,0.11236565777255751,0.5,1922996627,48386038,4206723,5383328,0.032160422899863574,0.017641810299402212,0.024544213997133833
v10,full_38218,fixed_05,CD8a,0.2754280916800359,0.553887910368128,0.36790870978147683,0.36790870978147683,0.2254216488908638,0.9602707801320338,52578797,1928393919,0.9245152004619688,0.2985031632842138,0.5,1851780333,76613586,23456037,29122760,0.05559934402845005,0.036326029612370095,0.039729219867966195
v10,full_38218,fixed_05,CD45RO,0.6012441851817272,0.733859418300438,0.6609654963752439,0.6609654963752439,0.49361349135217614,0.9595793739559013,151902332,1829070384,0.9605009607800592,0.7180042716578723,0.5,1755138214,73932170,40427375,111474957,0.027573865239601834,0.04167289005370522,0.04042062604409869
v10,full_38218,fixed_05,CD20,0.4698953987037091,0.605398908676982,0.5291093975202218,0.5291093975202218,0.3597204283093487,0.9874679747806134,35694473,1945278243,0.9314324766621572,0.573495760054478,0.5,1920899967,24378276,14085078,21609395,0.03406739273956502,0.016627440462463002,0.012532025219386572
v10,full_38218,fixed_05,PDL1,0.40142407306060685,0.5548487523055995,0.4658286634838019,0.4658286634838019,0.30363535831767485,0.9623632910974174,86194504,1894778212,0.9244808883484344,0.4206018778068264,0.5,1823464996,71313216,38369591,47824913,0.0431792484807939,0.04057771972435692,0.03763670890258263
v10,full_38218,fixed_05,CD3e,0.42780580794953815,0.6233828783812906,0.507400468470958,0.507400468470958,0.3399441429216912,0.9508109553274974,110357346,1870615370,0.9077259808608288,0.5081753633433346,0.5,1778601587,92013783,41562466,68794880,0.05666147700982338,0.05035291527012307,0.04918904467250261
v10,full_38218,fixed_05,CD163,0.22120986260190836,0.558079875091204,0.31683407728495366,0.31683407728495366,0.18823698425041874,0.9010427464827826,94988987,1885983729,0.8669093435713011,0.24542553490400218,0.5,1699351959,186631770,41977545,53011442,0.11312847210042073,0.07819609300406086,0.09895725351721738
v10,full_38218,fixed_05,ECadherin,0.8667026829066211,0.9550267125931351,0.9087235635508759,0.9087235635508759,0.8327161965557947,0.9339202769325641,614676191,1366296525,0.9795816047685664,0.9377097025375224,0.5,1276012029,90284496,27644009,587032182,0.026713738673746497,0.048002289422392604,0.0660797230674359
v10,full_38218,fixed_05,Ki67,0.27804110940825894,0.8421098603420788,0.418052862758904,0.418052862758904,0.2642647487500658,0.8923201002889948,92974533,1887998183,0.9426923277349014,0.4403834427431676,0.5,1684698728,203299455,14679762,78294771,0.0987603712011766,0.07817272461008262,0.10767989971100518
v10,full_38218,fixed_05,Pan-CK,0.8560619682599813,0.9468336717660015,0.8991627453879104,0.8991627453879104,0.8167989787961485,0.9132278323365011,698831276,1282141440,0.9754772843505106,0.9447159511550753,0.5,1170887248,111254192,37154293,661676983,0.03796579550744642,0.05864202304730012,0.08677216766349896
v10,full_38218,fixed_05,SMA,0.45629953825493585,0.7424895174606867,0.5652330947819585,0.5652330947819585,0.3939546505612073,0.8504814172352249,286390054,1694582662,0.899179420313009,0.5892174616945489,0.5,1441211064,253371598,73748441,212641613,0.09324395700631187,0.10781572727966818,0.14951858276477514
v10,full_38218,own_validation,Hoechst,0.9245249557203725,0.9118308482691434,0.9181340269560445,0.9181340269560445,0.8486578280789883,0.9069640531111167,1100474793,880497923,0.9723455675851971,0.97832994866425,0.5703125,798579965,81917958,97027929,1003446864,0.032390316996956395,0.0672031365458012,0.09303594688888324
v10,full_38218,own_validation,CD31,0.31173682107067646,0.4143334306567006,0.3557864717055649,0.3557864717055649,0.21638702369431723,0.9883147691081535,24985435,1955987281,0.9451949810860494,0.29234304088481783,0.73828125,1933131118,22856163,14633134,10352301,0.03795803926871955,0.023003800071920922,0.01168523089184648
v10,full_38218,own_validation,CD45,0.7632870805874049,0.7594396918343963,0.7613585257196802,0.7613585257196802,0.6146722369053949,0.9310454491720928,448632548,1532340168,0.9427674200096686,0.8518144336988469,0.63671875,1426678340,105661828,107923184,340709364,0.048682321276917795,0.08364181482006387,0.06895455082790729
v10,full_38218,own_validation,CD68,0.3307787536300683,0.5646785751147829,0.4171805161054019,0.4171805161054019,0.2635679686472589,0.9286497963185261,116447471,1864525245,0.8992517260148429,0.38791048879476064,0.52734375,1731490989,133034256,50692079,65755392,0.07820327660418425,0.06675288412011954,0.07135020368147389
v10,full_38218,own_validation,CD4,0.47288250723682,0.6174875809511576,0.5355962688834183,0.5355962688834183,0.36574358389201567,0.9182357996947508,210334546,1770638170,0.8795524501764843,0.535353915053932,0.5703125,1625863356,144774814,80455576,129878970,0.08161378307447889,0.0889008400677848,0.08176420030524927
v10,full_38218,own_validation,FOXP3,0.13004848516501608,0.36662203360545215,0.19199303480519617,0.19199303480519617,0.10619042874345888,0.9880695095794606,9590051,1971382665,0.9511532540926945,0.11236565777255751,0.6875,1947863103,23519562,6074127,3515924,0.032160422899863574,0.017641810299402212,0.011930490420539433
v10,full_38218,own_validation,CD8a,0.30608592101537446,0.4789921496302017,0.3734985315744037,0.3734985315744037,0.22963307370139596,0.9703922344716749,52578797,1928393919,0.9245152004619688,0.2985031632842138,0.58203125,1871298484,57095435,27393966,25184831,0.05559934402845005,0.036326029612370095,0.029607765528325128
v10,full_38218,own_validation,CD45RO,0.6858039953837792,0.6255434182537764,0.6542891243968062,0.6542891243968062,0.486203341489331,0.9761991685061366,151902332,1829070384,0.9605009607800592,0.7180042716578723,0.69140625,1785536988,43533396,56880828,95021504,0.027573865239601834,0.04167289005370522,0.02380083149386339
v10,full_38218,own_validation,CD20,0.6909499342377289,0.4844023891317852,0.5695276084632905,0.5695276084632905,0.39813953197060015,0.9960243533140672,35694473,1945278243,0.9314324766621572,0.573495760054478,0.75,1937544504,7733739,18403985,17290488,0.03406739273956502,0.016627440462463002,0.003975646685932734
v10,full_38218,own_validation,PDL1,0.26391742681324687,0.7797036572076568,0.39435267462074575,0.39435267462074575,0.24560354468102114,0.9010742772885547,86194504,1894778212,0.9244808883484344,0.4206018778068264,0.203125,1707335908,187442304,18988334,67206170,0.0431792484807939,0.04057771972435692,0.09892572271144524
v10,full_38218,own_validation,CD3e,0.5145891496862695,0.5183135339264139,0.5164446272154183,0.5164446272154183,0.3481128083854867,0.9711558229097625,110357346,1870615370,0.9077259808608288,0.5081753633433346,0.66796875,1816659009,53956361,53157640,57199706,0.05666147700982338,0.05035291527012307,0.028844177090237424
v10,full_38218,own_validation,CD163,0.23790628602264471,0.4921987219423658,0.3207680228047755,0.3207680228047755,0.19102067323690775,0.9205894400375285,94988987,1885983729,0.8669093435713011,0.24542553490400218,0.55859375,1736216705,149767024,48235529,46753458,0.11312847210042073,0.07819609300406086,0.07941055996247144
v10,full_38218,own_validation,ECadherin,0.8846516401625215,0.9287437424105467,0.9061616489266237,0.9061616489266237,0.8284237319320659,0.9455200795449582,614676191,1366296525,0.9795816047685664,0.9377097025375224,0.69140625,1291860799,74435726,43799525,570876666,0.026713738673746497,0.048002289422392604,0.054479920455041776
v10,full_38218,own_validation,Ki67,0.3270802424263143,0.7442256472533183,0.4544388441592339,0.4544388441592339,0.2940283808517592,0.92459918590928,92974533,1887998183,0.9426923277349014,0.4403834427431676,0.703125,1745641583,142356600,23780501,69194032,0.0987603712011766,0.07817272461008262,0.07540081409071991
v10,full_38218,own_validation,Pan-CK,0.9169077805792737,0.8484883395516488,0.8813722330011688,0.8813722330011688,0.7879048410945532,0.9580900661006636,698831276,1282141440,0.9754772843505106,0.9447159511550753,0.87890625,1228406977,53734463,105881087,592950189,0.03796579550744642,0.05864202304730012,0.04190993389933641
v10,full_38218,own_validation,SMA,0.46523021032690176,0.7237584968645594,0.566387747310977,0.566387747310977,0.3950773622704499,0.8593991958357473,286390054,1694582662,0.899179420313009,0.5892174616945489,0.5234375,1456322977,238259685,79112819,207277235,0.09324395700631187,0.10781572727966818,0.1406008041642527
v11,full_38218,fixed_05,Hoechst,0.9355364624449941,0.8940484527754194,0.9143220626774481,0.9143220626774481,0.8421669366629172,0.923004341942099,1100474793,880497923,0.9716704861235382,0.9779551958624878,0.5,812703406,67794517,116597007,983877786,0.03604056951370743,0.0691303395531801,0.07699565805790096
v11,full_38218,fixed_05,CD31,0.20772492412346327,0.5915362690303371,0.3074760232402735,0.3074760232402735,0.18166715949804432,0.9711802870358235,24985435,1955987281,0.9442356761044728,0.2898627290443503,0.5,1899616289,56370992,10205644,14779791,0.039018461455260424,0.02468277399773065,0.02881971296417648
v11,full_38218,fixed_05,CD45,0.7288248584087222,0.8037346969306383,0.7644490220922446,0.7644490220922446,0.6187110331835434,0.9124461984344457,448632548,1532340168,0.9434528448800154,0.8545424174340224,0.5,1398177961,134162207,88051003,360581545,0.040541395763470274,0.080432670121581,0.08755380156555422
v11,full_38218,fixed_05,CD68,0.3378151865600417,0.5732203063474002,0.4251042384984768,0.4251042384984768,0.2699253175290647,0.9298248407465247,116447471,1864525245,0.9004044041969742,0.39963419320500143,0.5,1733681889,130843356,49697416,66750055,0.0742433001555955,0.0638388867225824,0.07017515925347527
v11,full_38218,fixed_05,CD4,0.464362239160372,0.6329009453349618,0.5356878901895006,0.5356878901895006,0.3658290378127279,0.9132776935448081,210334546,1770638170,0.8841078829053121,0.5368225265781277,0.5,1617084344,153553826,77213613,133120933,0.07170991326396954,0.08326088048662854,0.0867223064551918
v11,full_38218,fixed_05,FOXP3,0.11077925562734828,0.5076818673852725,0.1818727718582723,0.1818727718582723,0.10003302796590363,0.9801759320025267,9590051,1971382665,0.9511959647579977,0.11450559109446623,0.5,1932301841,39080824,4721356,4868695,0.02723589130098475,0.01506098401284275,0.019824067997473237
v11,full_38218,fixed_05,CD8a,0.27516991029916654,0.5561325414120829,0.36817151499985046,0.36817151499985046,0.22561900247734476,0.960058122854929,52578797,1928393919,0.9225379132052922,0.29642985558568347,0.5,1851370246,77023673,23338017,29240780,0.05607356740211571,0.036409142255140234,0.039941877145071004
v11,full_38218,fixed_05,CD45RO,0.6506814661435103,0.6803739787220646,0.665196539645989,0.665196539645989,0.49834792866776684,0.9696656348026026,151902332,1829070384,0.9599716499516852,0.7260655177192294,0.5,1773586695,55483689,48551938,103350394,0.01823658762554726,0.03830019699340078,0.030334365197397455
v11,full_38218,fixed_05,CD20,0.44299853779718545,0.6244114319883641,0.5182888659176861,0.5182888659176861,0.3497907615027029,0.9855939760284462,35694473,1945278243,0.9332804191329096,0.5743267349322478,0.5,1917254518,28023725,13406436,22288037,0.03340316314719709,0.01754898288916614,0.01440602397155377
v11,full_38218,fixed_05,PDL1,0.4302112712287953,0.48573987965636417,0.4562923926926468,0.4562923926926468,0.2955821364957481,0.9707344275710935,86194504,1894778212,0.9257773108252877,0.409399232413766,0.5,1839326443,55451769,44326396,41868108,0.03313113795055619,0.0374781276999033,0.029265572428906525
v11,full_38218,fixed_05,CD3e,0.4424472882069805,0.6035469537297499,0.5105911720677794,0.5105911720677794,0.34281465403736355,0.9551303991477414,110357346,1870615370,0.9077620301178972,0.5019307345527465,0.5,1786681605,83933765,43751506,66605840,0.05509368740042064,0.048854128874164876,0.04486960085225858
v11,full_38218,fixed_05,CD163,0.23752473620014336,0.5096828961866916,0.32403923679353996,0.32403923679353996,0.1933453598123537,0.9175952418834468,94988987,1885983729,0.8688772938542664,0.2558960859146944,0.5,1730569696,155414033,46574725,48414262,0.09997201978304775,0.07051779381384073,0.08240475811655319
v11,full_38218,fixed_05,ECadherin,0.8673374674708848,0.9548716520890915,0.9090021025497707,0.9090021025497707,0.8331841011556476,0.9342937617439963,614676191,1366296525,0.9785177169273994,0.9310856877268714,0.5,1276522320,89774205,27739321,586936870,0.02976358247215255,0.04869353440291633,0.06570623825600376
v11,full_38218,fixed_05,Ki67,0.3386301109839666,0.7253008089860479,0.46170045222603046,0.46170045222603046,0.30013689654537334,0.9302411293687141,92974533,1887998183,0.9423315759825136,0.4441561781325992,0.5,1756293562,131704621,25540029,67434504,0.06277766457799082,0.05580248323880603,0.06975887063128598
v11,full_38218,fixed_05,Pan-CK,0.8573467749734124,0.9477870406590102,0.9003013024670544,0.9003013024670544,0.8186799752393837,0.9140447835458777,698831276,1282141440,0.9737346850997816,0.9350365621994723,0.5,1171934695,110206745,36488049,662343227,0.0419412337872071,0.059542815892444825,0.08595521645412225
v11,full_38218,fixed_05,SMA,0.4453129144831398,0.7626603925288551,0.5623013690558437,0.5623013690558437,0.39111212666772366,0.8394504363222383,286390054,1694582662,0.8982677606738326,0.5783165498832143,0.5,1422518155,272064507,67971703,218418351,0.0998146900112776,0.11145522004702173,0.16054956367776174
v11,full_38218,own_validation,Hoechst,0.9315887232371473,0.8996853942478262,0.9153591586752924,0.9153591586752924,0.8439283528705539,0.9174255087936193,1100474793,880497923,0.9716704861235382,0.9779551958624878,0.46484375,807791255,72706668,110393695,990081098,0.03604056951370743,0.0691303395531801,0.08257449120638073
v11,full_38218,own_validation,CD31,0.3180236826004667,0.400643574946764,0.3545845278930419,0.3545845278930419,0.21549847677012277,0.9890253948946819,24985435,1955987281,0.9442356761044728,0.2898627290443503,0.78125,1934521093,21466188,14975181,10010254,0.039018461455260424,0.02468277399773065,0.010974605105318168
v11,full_38218,own_validation,CD45,0.7597708853870575,0.7708462338314339,0.7652684897114168,0.7652684897114168,0.6197853406466943,0.9286413968102675,448632548,1532340168,0.9434528448800154,0.8545424174340224,0.578125,1422994514,109345654,102805838,345826710,0.040541395763470274,0.080432670121581,0.07135860318973247
v11,full_38218,own_validation,CD68,0.3362209831513079,0.5765359215057577,0.4247428277160841,0.4247428277160841,0.2696339589428835,0.9289135428144873,116447471,1864525245,0.9004044041969742,0.39963419320500143,0.49609375,1731982751,132542494,49311321,67136150,0.0742433001555955,0.0638388867225824,0.07108645718551265
v11,full_38218,own_validation,CD4,0.46795221012999827,0.6276873604966442,0.5361757561331495,0.5361757561331495,0.36628424374007024,0.915223924038642,210334546,1770638170,0.8841078829053121,0.5368225265781277,0.5078125,1620530414,150107756,78310210,132024336,0.07170991326396954,0.08326088048662854,0.08477607596135804
v11,full_38218,own_validation,FOXP3,0.12822656768071253,0.396467338911962,0.19378020376231467,0.19378020376231467,0.10728495179044899,0.9868875751730322,9590051,1971382665,0.9511959647579977,0.11450559109446623,0.61328125,1945533058,25849607,5787909,3802142,0.02723589130098475,0.01506098401284275,0.013112424826967829
v11,full_38218,own_validation,CD8a,0.291973454647315,0.5145753334752029,0.37255610572742376,0.37255610572742376,0.22892101352221814,0.965977201881023,52578797,1928393919,0.9225379132052922,0.29642985558568347,0.546875,1862784562,65609357,25523045,27055752,0.05607356740211571,0.036409142255140234,0.03402279811897706
v11,full_38218,own_validation,CD45RO,0.6711098256395571,0.6529343078156299,0.6618973165626175,0.6618973165626175,0.49465360525419766,0.9734257623844398,151902332,1829070384,0.9599716499516852,0.7260655177192294,0.55078125,1780464233,48606151,52720088,99182244,0.018236587625547262,0.03830019699340078,0.026574237615560232
v11,full_38218,own_validation,CD20,0.666888130238056,0.4960518117188619,0.5689220109883322,0.5689220109883322,0.3975478732512975,0.9954534349870894,35694473,1945278243,0.9332804191329096,0.5743267349322478,0.78125,1936433909,8844334,17988165,17706308,0.03340316314719709,0.01754898288916614,0.004546565012910598
v11,full_38218,own_validation,PDL1,0.26235400970190975,0.7762623473069699,0.39216701724804215,0.39216701724804215,0.24391029507107842,0.9007135474703253,86194504,1894778212,0.9257773108252877,0.409399232413766,0.1640625,1706652405,188125807,19284956,66909548,0.033131137950556194,0.0374781276999033,0.09928645252967475
v11,full_38218,own_validation,CD3e,0.49479582633484587,0.5404840743451732,0.5166318094474441,0.5166318094474441,0.34828292310555636,0.9674432868580568,110357346,1870615370,0.9077620301178972,0.5019307345527465,0.6015625,1809714282,60901088,50710958,59646388,0.05509368740042064,0.048854128874164876,0.03255671314194323
v11,full_38218,own_validation,CD163,0.2472474129800219,0.47479477805148085,0.32516598622013354,0.32516598622013354,0.19414818635446704,0.9271949090076164,94988987,1885983729,0.8688772938542664,0.2558960859146944,0.53125,1748674512,137309217,49888712,45100275,0.09997201978304775,0.07051779381384073,0.07280509099238364
v11,full_38218,own_validation,ECadherin,0.8842236232702189,0.92971236134962,0.9063976234243576,0.9063976234243576,0.828818264150566,0.9452343970500839,614676191,1366296525,0.9785177169273994,0.9310856877268714,0.703125,1291470472,74826053,43204138,571472053,0.02976358247215255,0.04869353440291633,0.05476560294991602
v11,full_38218,own_validation,Ki67,0.33970920812663946,0.7229585439272924,0.4622247621445926,0.4622247621445926,0.3005801828290685,0.9308003735509951,92974533,1887998183,0.9423315759825136,0.4441561781325992,0.50390625,1757349414,130648769,25757800,67216733,0.06277766457799082,0.05580248323880603,0.0691996264490049
v11,full_38218,own_validation,Pan-CK,0.9080787408022012,0.8752597801590094,0.8913672751410191,0.8913672751410191,0.8040239613659265,0.9517090415547289,698831276,1282141440,0.9737346850997816,0.9350365621994723,0.875,1220225601,61915839,87172367,611658909,0.0419412337872071,0.059542815892444825,0.048290958445271065
v11,full_38218,own_validation,SMA,0.46033327357640896,0.728533781414071,0.5641814012787574,0.5641814012787574,0.3929336211282012,0.8556561975493645,286390054,1694582662,0.8982677606738326,0.5783165498832143,0.54296875,1449980157,244602505,77745225,208644829,0.0998146900112776,0.11145522004702173,0.1443438024506355
